/*
 Navicat Premium Data Transfer

 Source Server         : 本机连接MySQL
 Source Server Type    : MySQL
 Source Server Version : 80030
 Source Host           : localhost:3306
 Source Schema         : project

 Target Server Type    : MySQL
 Target Server Version : 80030
 File Encoding         : 65001

 Date: 22/03/2023 11:12:00
*/

SET NAMES utf8mb4;
SET FOREIGN_KEY_CHECKS = 0;

-- ----------------------------
-- Table structure for account
-- ----------------------------
DROP TABLE IF EXISTS `account`;
CREATE TABLE `account`  (
  `accountID` int(0) NOT NULL AUTO_INCREMENT,
  `username` varchar(256) CHARACTER SET utf8mb3 COLLATE utf8mb3_general_ci NULL DEFAULT NULL,
  `password` varchar(256) CHARACTER SET utf8mb3 COLLATE utf8mb3_general_ci NULL DEFAULT NULL,
  PRIMARY KEY (`accountID`) USING BTREE
) ENGINE = InnoDB AUTO_INCREMENT = 10 CHARACTER SET = utf8mb3 COLLATE = utf8mb3_general_ci ROW_FORMAT = Dynamic;

-- ----------------------------
-- Records of account
-- ----------------------------
INSERT INTO `account` VALUES (9, '张三', '123');

-- ----------------------------
-- Table structure for carinfo
-- ----------------------------
DROP TABLE IF EXISTS `carinfo`;
CREATE TABLE `carinfo`  (
  `carID` int(0) NOT NULL,
  `carType` varchar(256) CHARACTER SET utf8mb3 COLLATE utf8mb3_general_ci NULL DEFAULT NULL,
  `carName` varchar(256) CHARACTER SET utf8mb3 COLLATE utf8mb3_general_ci NULL DEFAULT NULL,
  `totalSales` int(0) NULL DEFAULT NULL,
  `carImage` varchar(256) CHARACTER SET utf8mb3 COLLATE utf8mb3_general_ci NULL DEFAULT NULL,
  `priceLower` float NULL DEFAULT NULL,
  `priceUpper` float NULL DEFAULT NULL,
  `carPara` varchar(256) CHARACTER SET utf8mb3 COLLATE utf8mb3_general_ci NULL DEFAULT NULL
) ENGINE = InnoDB CHARACTER SET = utf8mb3 COLLATE = utf8mb3_general_ci ROW_FORMAT = Dynamic;

-- ----------------------------
-- Records of carinfo
-- ----------------------------
INSERT INTO `carinfo` VALUES (4499, '轿车', '五菱宏光MINIEV', 195458, 'https://p1-dcd.byteimg.com/img/motor-img/6efbde874de291b8176fa27814b9bef3~tplv-resize:640:0.png', 3.28, 9.99, '上汽通用五菱');
INSERT INTO `carinfo` VALUES (1145, '轿车', '轩逸', 197885, 'https://p1-dcd.byteimg.com/img/motor-img/d83515c32b2e655dbe0488d2ad5e15d0~tplv-resize:640:0.png', 7.48, 16.09, '东风日产');
INSERT INTO `carinfo` VALUES (393, '轿车', '朗逸', 187481, 'https://p1-dcd.byteimg.com/img/motor-img/28d677a5f94a5a24103f088dd94c8515~tplv-resize:640:0.png', 7.79, 14.09, '上汽大众');
INSERT INTO `carinfo` VALUES (5008, '轿车', '海豚', 143052, 'https://p1-dcd.byteimg.com/img/motor-img/0ac74e188937a245695428c2db36af92~tplv-resize:640:0.png', 11.68, 13.68, '比亚迪');
INSERT INTO `carinfo` VALUES (414, '轿车', '速腾', 130015, 'https://p1-dcd.byteimg.com/img/motor-img/44c013067df2032cc03b6031eb68bf05~tplv-resize:640:0.png', 10.79, 15.29, '一汽-大众');
INSERT INTO `carinfo` VALUES (542, '轿车', '卡罗拉', 132805, 'https://p1-dcd.byteimg.com/img/motor-img/b2fb8f96191b30a2992fc05fb5af0a4c~tplv-resize:640:0.png', 8.88, 13.88, '一汽丰田');
INSERT INTO `carinfo` VALUES (535, '轿车', '凯美瑞', 124449, 'https://p1-dcd.byteimg.com/img/motor-img/46a9db48bccc28d5a4aadcbcf9b5df96~tplv-resize:640:0.png', 16.08, 24.78, '广汽丰田');
INSERT INTO `carinfo` VALUES (289, '轿车', '雅阁', 117322, 'https://p1-dcd.byteimg.com/img/motor-img/ed709f4a1aa4701c4b892012773a400c~tplv-resize:640:0.png', 15.18, 22.98, '广汽本田');
INSERT INTO `carinfo` VALUES (409, '轿车', '宝来', 109606, 'https://p1-dcd.byteimg.com/img/motor-img/dbd8f3ffb172ce6ef271849013b14763~tplv-resize:640:0.png', 7.38, 14.39, '一汽-大众');
INSERT INTO `carinfo` VALUES (534, '轿车', '雷凌', 93984, 'https://p1-dcd.byteimg.com/img/motor-img/f9a2fab8c369a3e3ecd5fdf191f9efba~tplv-resize:640:0.png', 8.38, 12.48, '广汽丰田');
INSERT INTO `carinfo` VALUES (398, '轿车', '帕萨特', 97165, 'https://p1-dcd.byteimg.com/img/tos-cn-i-dcdx/c9ddb9ea9b9047029212858b14caba31~tplv-resize:640:0.png', 16.39, 23.49, '上汽大众');
INSERT INTO `carinfo` VALUES (4802, '轿车', '秦PLUS DM-i', 92293, 'https://p1-dcd.byteimg.com/img/tos-cn-i-dcdx/b16feb96960c4b178686faea93e71f3c~tplv-resize:640:0.png', 9.98, 16.58, '比亚迪');
INSERT INTO `carinfo` VALUES (4228, '轿车', '汉DM', 90643, 'https://p1-dcd.byteimg.com/img/tos-cn-i-0000c0030/f59ec0247e6c457e85e5b0325f935a24~tplv-resize:640:0.png', 21.78, 32.18, '比亚迪');
INSERT INTO `carinfo` VALUES (3101, '轿车', 'AION S', 73958, 'https://p3-dcd.byteimg.com/img/motor-img/7d99d3eef9fba8765615b27ad9825cd7~tplv-resize:640:0.png', 13.98, 18.66, '广汽埃安新能源');
INSERT INTO `carinfo` VALUES (3762, '轿车', 'Model 3', 72385, 'https://p1-dcd.byteimg.com/img/motor-img/2872c9749396000c647cd19ef6aaac54~tplv-resize:640:0.png', 22.99, 32.99, '特斯拉中国');
INSERT INTO `carinfo` VALUES (733, '轿车', '帝豪', 75818, 'https://p1-dcd.byteimg.com/img/motor-img/9082cdbb1883e2b7d8a50f93d7837a4e~tplv-resize:640:0.png', 6.69, 12.58, '吉利汽车');
INSERT INTO `carinfo` VALUES (415, '轿车', '迈腾', 76864, 'https://p1-dcd.byteimg.com/img/tos-cn-i-0000c0030/f7474d73ef35468cb507b065adfe8e3e~tplv-resize:640:0.png', 16.39, 23.09, '一汽-大众');
INSERT INTO `carinfo` VALUES (276, '轿车', '思域', 69983, 'https://p3-dcd.byteimg.com/img/motor-img/af835d978de92b8342d900c8473c8d88~tplv-resize:640:0.png', 11.39, 16.99, '东风本田');
INSERT INTO `carinfo` VALUES (345, '轿车', '威朗', 76540, 'https://p1-dcd.byteimg.com/img/tos-cn-i-0000c0030/53443fa15d4d4b71a3ec061523112059~tplv-resize:640:0.png', 8.49, 11.49, '上汽通用别克');
INSERT INTO `carinfo` VALUES (146, '轿车', '宝马5系', 75005, 'https://p1-dcd.byteimg.com/img/motor-img/10ce6135622d78fc875b3b3f0ba8fce8~tplv-resize:640:0.png', 43.39, 56.25, '华晨宝马');
INSERT INTO `carinfo` VALUES (5288, '轿车', '长安UNI-V', 72912, 'https://p1-dcd.byteimg.com/img/motor-img/0d4710a714c5c25fe9c61fb95986f388~tplv-resize:640:0.png', 10.69, 13.79, '长安汽车');
INSERT INTO `carinfo` VALUES (212, '轿车', '奔驰C级', 67181, 'https://p1-dcd.byteimg.com/img/tos-cn-i-0000c0030/71bbea2e85bf4fb3824e7c48f36d0bcc~tplv-resize:640:0.png', 32.52, 37.73, '北京奔驰');
INSERT INTO `carinfo` VALUES (3476, '轿车', '星瑞', 64968, 'https://p9-dcd.byteimg.com/img/motor-img/90cb63999056d6edfc7c854ee7833cb5~tplv-resize:640:0.png', 10.87, 14.07, '吉利汽车');
INSERT INTO `carinfo` VALUES (1455, '轿车', '逸动', 71331, 'https://p1-dcd.byteimg.com/img/tos-cn-i-dcdx/a86eeb4d09a3419e97f42af7cef99140~tplv-resize:640:0.png', 6.29, 9.39, '长安汽车');
INSERT INTO `carinfo` VALUES (5579, '轿车', '海豹', 57818, 'https://p1-dcd.byteimg.com/img/motor-img/d7ab3d316e19b29973be27d746df2fa9~tplv-resize:640:0.png', 21.28, 28.98, '比亚迪');
INSERT INTO `carinfo` VALUES (4300, '轿车', '汉EV', 63716, 'https://p1-dcd.byteimg.com/img/motor-img/230b2b739f8601aa0e4125e6e2f350b0~tplv-resize:640:0.png', 21.98, 33.18, '比亚迪');
INSERT INTO `carinfo` VALUES (214, '轿车', '奔驰E级', 64237, 'https://p9-dcd.byteimg.com/img/motor-img/edde3643a62581f4d0234d9debf1ba1b~tplv-resize:640:0.png', 43.68, 55.6, '北京奔驰');
INSERT INTO `carinfo` VALUES (99, '轿车', '奥迪A6L', 61809, 'https://p1-dcd.byteimg.com/img/motor-img/f8250b5672059b6380b04eeeb0d7fe33~tplv-resize:640:0.png', 36.5, 55.4, '一汽-大众奥迪');
INSERT INTO `carinfo` VALUES (4899, '轿车', '秦PLUS EV', 62171, 'https://p3-dcd.byteimg.com/img/motor-img/68a3930d446bee29c91048fa02cf7e87~tplv-resize:640:0.png', 14.18, 18.08, '比亚迪');
INSERT INTO `carinfo` VALUES (397, '轿车', '凌渡', 60691, 'https://p1-dcd.byteimg.com/img/motor-img/ae40d0483339787e87eabcd7b1b95edf~tplv-resize:640:0.png', 14.39, 18.39, '上汽大众');
INSERT INTO `carinfo` VALUES (5859, '轿车', '长安Lumin', 59999, 'https://p1-dcd.byteimg.com/img/motor-img/fa1ac73822c3176cc2c8b823e672b974~tplv-resize:640:0.png', 4.89, 6.39, '长安汽车');
INSERT INTO `carinfo` VALUES (145, '轿车', '宝马3系', 61223, 'https://p1-dcd.byteimg.com/img/tos-cn-i-0000c0030/d8540e903fcf4326b638c5a6f3c3945c~tplv-resize:640:0.png', 29.99, 39.99, '华晨宝马');
INSERT INTO `carinfo` VALUES (96, '轿车', '奥迪A4L', 54087, 'https://p1-dcd.byteimg.com/img/tos-cn-i-dcdx/db765ed4695e4d1e808f3344a2637ff8~tplv-resize:640:0.png', 26.2, 39.98, '一汽-大众奥迪');
INSERT INTO `carinfo` VALUES (1147, '轿车', '天籁', 52930, 'https://p1-dcd.byteimg.com/img/tos-cn-i-0000c0030/c675b5d310b84defa3f4b1230ab83b4b~tplv-resize:640:0.png', 14.98, 23.98, '东风日产');
INSERT INTO `carinfo` VALUES (1310, '轿车', '伊兰特', 55765, 'https://p1-dcd.byteimg.com/img/motor-img/09aea78a84b05afc2fbac4174fc15b1e~tplv-resize:640:0.png', 7.98, 12.18, '北京现代');
INSERT INTO `carinfo` VALUES (3094, '轿车', '科鲁泽', 53260, 'https://p1-dcd.byteimg.com/img/tos-cn-i-0000c0030/722066a6197f48a9a5cb605aaa1e680c~tplv-resize:640:0.png', 7.19, 8.59, '上汽通用雪佛兰');
INSERT INTO `carinfo` VALUES (5015, '轿车', 'ZEEKR 001', 48698, 'https://p1-dcd.byteimg.com/img/tos-cn-i-dcdx/5ae619a7dcb244778e7dac067784674b~tplv-resize:640:0.png', 30, 40.3, '极氪');
INSERT INTO `carinfo` VALUES (394, '轿车', '桑塔纳', 52010, 'https://p9-dcd.byteimg.com/img/mosaic-legacy/bef00000bc694699a8f9~tplv-resize:640:0.png', 6.59, 9.08, '上汽大众');
INSERT INTO `carinfo` VALUES (3068, '轿车', '亚洲龙', 49571, 'https://p3-dcd.byteimg.com/img/motor-img/5130f932ae52503625175eb6e79aaa5a~tplv-resize:640:0.png', 18.08, 26.08, '一汽丰田');
INSERT INTO `carinfo` VALUES (533, '轿车', 'YARiS L 致炫', 43697, 'https://p1-dcd.byteimg.com/img/motor-img/0d4b71e7270960f73f1e9370febad7cc~tplv-resize:640:0.png', 6.78, 8.58, '广汽丰田');
INSERT INTO `carinfo` VALUES (5290, '轿车', '驱逐舰 05', 43932, 'https://p1-dcd.byteimg.com/img/tos-cn-i-dcdx/fdd396bacd4e433699c66a8dc73db8db~tplv-resize:640:0.png', 12.18, 15.78, '比亚迪');
INSERT INTO `carinfo` VALUES (348, '轿车', '君威', 45224, 'https://p1-dcd.byteimg.com/img/motor-img/f438ee5b94bf1a165ffc298c7aba19b4~tplv-resize:640:0.png', 14.68, 19.98, '上汽通用别克');
INSERT INTO `carinfo` VALUES (3041, '轿车', '荣威i5', 36328, 'https://p1-dcd.byteimg.com/img/motor-img/cfdbd0410d0488997a9f6403b307d370~tplv-resize:640:0.png', 5.59, 9.99, '上汽集团');
INSERT INTO `carinfo` VALUES (579, '轿车', '蒙迪欧', 36599, 'https://p3-dcd.byteimg.com/img/motor-img/89e3909ed08a5cbe861bcf9ff9946ad7~tplv-resize:640:0.png', 15.68, 21.58, '长安福特');
INSERT INTO `carinfo` VALUES (1655, '轿车', '东风风神E70', 35114, 'https://p1-dcd.byteimg.com/img/motor-img/3645e5106165def002a7ab1f2300c71c~tplv-resize:640:0.png', 14.28, 15.38, '东风乘用车');
INSERT INTO `carinfo` VALUES (2875, '轿车', '英仕派', 35059, 'https://p1-dcd.byteimg.com/img/motor-img/829c6a04aca62dd3b24c123476ad43ed~tplv-resize:640:0.png', 14.49, 21.59, '东风本田');
INSERT INTO `carinfo` VALUES (5340, '轿车', '型格', 38592, 'https://p1-dcd.byteimg.com/img/tos-cn-i-dcdx/bc48ceffe1394c528b45bb3a5042f890~tplv-resize:640:0.png', 11.99, 18.29, '广汽本田');
INSERT INTO `carinfo` VALUES (5306, '轿车', '长安深蓝SL03', 31546, 'https://p1-dcd.byteimg.com/img/tos-cn-i-dcdx/d4b926b898314e86887526ebdecd437b~tplv-resize:640:0.png', 17.19, 69.99, '长安汽车');
INSERT INTO `carinfo` VALUES (2928, '轿车', '缤瑞', 34732, 'https://p1-dcd.byteimg.com/img/motor-img/9125fbf12f1de7a3fe03d9a1c7857412~tplv-resize:640:0.png', 9.08, 10.48, '吉利汽车');
INSERT INTO `carinfo` VALUES (31, '轿车', '名爵5', 35517, 'https://p1-dcd.byteimg.com/img/motor-img/6e43c605345bc58735e5f2369c7ef812~tplv-resize:640:0.png', 6.29, 9.29, '上汽集团');
INSERT INTO `carinfo` VALUES (3736, '轿车', '凯迪拉克CT5', 39178, 'https://p1-dcd.byteimg.com/img/motor-img/c68f0a5049df07beec63cb3dd61d1558~tplv-resize:640:0.png', 22.97, 36.07, '上汽通用凯迪拉克');
INSERT INTO `carinfo` VALUES (410, '轿车', '高尔夫', 36646, 'https://p3-dcd.byteimg.com/img/motor-img/760b10bceee8879554a3cad1bcbf4b5e~tplv-resize:640:0.png', 12.18, 22.98, '一汽-大众');
INSERT INTO `carinfo` VALUES (4416, '轿车', '奔奔E-Star', 36682, 'https://p1-dcd.byteimg.com/img/motor-img/5a66c6bc0c1d71c7e6f68f53b902d1b9~tplv-resize:640:0.png', 7.89, 8.49, '长安汽车');
INSERT INTO `carinfo` VALUES (1623, '轿车', '领克03', 30585, 'https://p1-dcd.byteimg.com/img/tos-cn-i-dcdx/496f813bab0e479cb6484b656f93e1d8~tplv-resize:640:0.png', 12.68, 25.68, '领克');
INSERT INTO `carinfo` VALUES (1101, '轿车', '小蚂蚁', 38289, 'https://p1-dcd.byteimg.com/img/tos-cn-i-dcdx/c582d200e0fe44c7b1b5f3b6134c8849~tplv-resize:640:0.png', 6.9999, 10.3, '奇瑞新能源');
INSERT INTO `carinfo` VALUES (5257, '轿车', 'QQ冰淇淋', 35787, 'https://p1-dcd.byteimg.com/img/motor-img/acd76bab1843fbf99d97777565157ab3~tplv-resize:640:0.png', 3.99, 5.752, '奇瑞新能源');
INSERT INTO `carinfo` VALUES (95, '轿车', '奥迪A3', 31297, 'https://p1-dcd.byteimg.com/img/tos-cn-i-dcdx/bed15598b2964894805e3c74db0e7e23~tplv-resize:640:0.png', 16.2, 20.2, '一汽-大众奥迪');
INSERT INTO `carinfo` VALUES (283, '轿车', '飞度', 29544, 'https://p1-dcd.byteimg.com/img/motor-img/1fc8e8dcb243d422d14db48a3407ab59~tplv-resize:640:0.png', 6.98, 9.68, '广汽本田');
INSERT INTO `carinfo` VALUES (3365, '轿车', '奕炫', 33450, 'https://p1-dcd.byteimg.com/img/tos-cn-i-0000c0030/6f130e9f47854726880c808ed7e6cec3~tplv-resize:640:0.png', 6.49, 9.39, '东风乘用车');
INSERT INTO `carinfo` VALUES (6132, '轿车', '红旗H5', 28840, 'https://p1-dcd.byteimg.com/img/motor-img/4e5a38bacf99a7c63567e63f3bde1216~tplv-resize:640:0.png', 15.98, 22.58, '一汽红旗');
INSERT INTO `carinfo` VALUES (1081, '轿车', '艾瑞泽5', 28378, 'https://p1-dcd.byteimg.com/img/motor-img/a4c753434bd38b47eaed7b395745b750~tplv-resize:640:0.png', 5.59, 8.58, '奇瑞汽车');
INSERT INTO `carinfo` VALUES (2913, '轿车', '奔驰A级', 27134, 'https://p1-dcd.byteimg.com/img/motor-img/bdeb84b9ae65b41f39ba686f2f747a4a~tplv-resize:640:0.png', 21.48, 26.48, '北京奔驰');
INSERT INTO `carinfo` VALUES (3157, '轿车', '几何A', 26046, 'https://p1-dcd.byteimg.com/img/motor-img/ef638ed8ed491bd5bb2a12337d91faa9~tplv-resize:640:0.png', 12.38, 20.78, '几何汽车');
INSERT INTO `carinfo` VALUES (4074, '轿车', '北京EU5', 25948, 'https://p1-dcd.byteimg.com/img/motor-img/fac9641308c9c3c9b23765bdcbdd6697~tplv-resize:640:0.png', 12.99, 17.19, '北京汽车');
INSERT INTO `carinfo` VALUES (3710, '轿车', '科莱威CLEVER', 24736, 'https://p1-dcd.byteimg.com/img/motor-img/0df783917aab490ada07cd607aa9dedf~tplv-resize:640:0.png', 6.8, 6.8, '上汽集团');
INSERT INTO `carinfo` VALUES (5092, '轿车', '红旗E-QM5', 26906, 'https://p1-dcd.byteimg.com/img/motor-img/3174065ca959cf593465c373c7722041~tplv-resize:640:0.png', 12.28, 20.78, '一汽红旗');
INSERT INTO `carinfo` VALUES (5409, '轿车', '蔚来ET5', 17608, 'https://p1-dcd.byteimg.com/img/motor-img/6b3472130dfd56454f65df80d9f461f6~tplv-resize:640:0.png', 32.8, 38.6, '蔚来');
INSERT INTO `carinfo` VALUES (5852, '轿车', '艾瑞泽8', 22144, 'https://p1-dcd.byteimg.com/img/tos-cn-i-dcdx/d8d9de3901d34378b2fd87287e07b7fa~tplv-resize:640:0.png', 10.59, 12.99, '奇瑞汽车');
INSERT INTO `carinfo` VALUES (1014, '轿车', '马自达3 昂克赛拉', 22804, 'https://p1-dcd.byteimg.com/img/motor-img/2ed9950bbf60e473727cf3735528e032~tplv-resize:640:0.png', 10.39, 15.69, '长安马自达');
INSERT INTO `carinfo` VALUES (3351, '轿车', '启辰D60 EV', 21577, 'https://p1-dcd.byteimg.com/img/motor-img/9defc15eb235673157d66da8cbba5273~tplv-resize:640:0.png', 13.28, 15.8, '东风日产启辰');
INSERT INTO `carinfo` VALUES (1701, '轿车', '红旗H5经典', 20125, 'https://p1-dcd.byteimg.com/img/motor-img/29e57294483a5f98bc133b090b194087~tplv-resize:640:0.png', 14.58, 19.08, '一汽红旗');
INSERT INTO `carinfo` VALUES (4787, '轿车', '影豹', 19668, 'https://p1-dcd.byteimg.com/img/tos-cn-i-0000c0030/e10ab869747a41f986b4df6ee15dfc8d~tplv-resize:640:0.png', 9.03, 14, '广汽乘用车');
INSERT INTO `carinfo` VALUES (3359, '轿车', '微蓝6', 19171, 'https://p1-dcd.byteimg.com/img/motor-img/d0c37be52fb0043b08cb96540dd7a0d0~tplv-resize:640:0.png', 12.29, 14.19, '上汽通用别克');
INSERT INTO `carinfo` VALUES (5850, '轿车', '骏行', 19155, 'https://p1-dcd.byteimg.com/img/motor-img/7572d244ec05df6da9e5cd6279557e93~tplv-resize:640:0.png', 15.98, 15.98, '国金汽车');
INSERT INTO `carinfo` VALUES (5048, '轿车', '凡尔赛C5 X', 20742, 'https://p1-dcd.byteimg.com/img/tos-cn-i-dcdx/9552e6adc8dd4695bcec7c04ee75b191~tplv-resize:640:0.png', 14.37, 18.67, '东风雪铁龙');
INSERT INTO `carinfo` VALUES (4272, '轿车', '零跑T03', 23900, 'https://p1-dcd.byteimg.com/img/tos-cn-i-dcdx/b895dcce4a1f4c22ac2890b5eeac8323~tplv-resize:640:0.png', 5.99, 9.95, '零跑汽车');
INSERT INTO `carinfo` VALUES (538, '轿车', '威驰', 18643, 'https://p3-dcd.byteimg.com/img/motor-img/5a47279a2f425d7c1505b60d0478d9a8~tplv-resize:640:0.png', 5.98, 8.08, '一汽丰田');
INSERT INTO `carinfo` VALUES (4635, '轿车', '欧拉好猫', 18614, 'https://p1-dcd.byteimg.com/img/tos-cn-i-dcdx/d892642a95924c4e9d4a1a515be7b142~tplv-resize:640:0.png', 11.19, 15.58, '长城汽车');
INSERT INTO `carinfo` VALUES (3172, '轿车', '捷达VA3', 18202, 'https://p1-dcd.byteimg.com/img/motor-img/f79702d9c2dbaebafe617f329a66b999~tplv-resize:640:0.png', 6.08, 8.78, '一汽-大众捷达');
INSERT INTO `carinfo` VALUES (4838, '轿车', '宝马i3', 15200, 'https://p1-dcd.byteimg.com/img/tos-cn-i-dcdx/9ec42e56919241d7810481cc6fa5a1d4~tplv-resize:640:0.png', 34.99, 41.39, '华晨宝马');
INSERT INTO `carinfo` VALUES (1820, '轿车', '秦EV', 17512, 'https://p9-dcd.byteimg.com/img/tos-cn-i-0000c0030/edf3bade78b54fc49037a1bcabd6a8ae~tplv-resize:640:0.png', 11.79, 16.98, '比亚迪');
INSERT INTO `carinfo` VALUES (1281, '轿车', '沃尔沃S90', 16651, 'https://p1-dcd.byteimg.com/img/motor-img/3878a4c3d95de8876266901f71951479~tplv-resize:640:0.png', 32.99, 42.89, '沃尔沃亚太');
INSERT INTO `carinfo` VALUES (735, '轿车', '帝豪EV', 16110, 'https://p1-dcd.byteimg.com/img/motor-img/0fd8b1fa3b9415afad38741c159dd3e5~tplv-resize:640:0.png', 13.68, 15.96, '几何汽车');
INSERT INTO `carinfo` VALUES (416, '轿车', '大众CC', 16215, 'https://p1-dcd.byteimg.com/img/motor-img/bc1a1cfcace04020b804932bd5c78749~tplv-resize:640:0.png', 21.69, 26.69, '一汽-大众');
INSERT INTO `carinfo` VALUES (6147, '轿车', '锐程PLUS', 16118, 'https://p1-dcd.byteimg.com/img/tos-cn-i-dcdx/ffd282fde3cc4741b5ed6b8bbaa969ab~tplv-resize:640:0.png', 9.49, 11.79, '长安汽车');
INSERT INTO `carinfo` VALUES (391, '轿车', 'Polo', 16034, 'https://p1-dcd.byteimg.com/img/tos-cn-i-0000c0030/136c733da0044967b0825b0dbc14cb6f~tplv-resize:640:0.png', 8.09, 11.49, '上汽大众');
INSERT INTO `carinfo` VALUES (267, '轿车', '奔腾B70', 15140, 'https://p1-dcd.byteimg.com/img/motor-img/bf1dd6769e7afb09fd5c2b0a3cdf2bbd~tplv-resize:640:0.png', 9.59, 13.49, '一汽奔腾');
INSERT INTO `carinfo` VALUES (3352, '轿车', '小鹏P7', 14830, 'https://p1-dcd.byteimg.com/img/motor-img/5d49eb0e339b5f9a2d2ad0f9ff5f50aa~tplv-resize:640:0.png', 20.99, 24.99, '小鹏汽车');
INSERT INTO `carinfo` VALUES (1355, '轿车', '迈锐宝XL', 16968, 'https://p1-dcd.byteimg.com/img/motor-img/8171a91a9f3017a9001e682797dc5f77~tplv-resize:640:0.png', 13.29, 17.69, '上汽通用雪佛兰');
INSERT INTO `carinfo` VALUES (336, '轿车', '标致408', 13859, 'https://p1-dcd.byteimg.com/img/motor-img/e734863947662cd987a9be96b479f828~tplv-resize:640:0.png', 10.57, 15.97, '东风标致');
INSERT INTO `carinfo` VALUES (4819, '轿车', '花仙子', 13557, 'https://p1-dcd.byteimg.com/img/tos-cn-i-dcdx/7a7c73fd87fe459f9f75a1ebdcf7c74a~tplv-resize:640:0.png', 6.69, 9.09, '江汽集团');
INSERT INTO `carinfo` VALUES (6148, '轿车', '熊猫mini', 13322, 'https://p1-dcd.byteimg.com/img/tos-cn-i-dcdx/28f29906b5d448e7b69fdc32ea85b485~tplv-resize:640:0.png', 3.99, 5.58, '吉利汽车');
INSERT INTO `carinfo` VALUES (347, '轿车', '君越', 13292, 'https://p1-dcd.byteimg.com/img/motor-img/ebc234b6062b18b6265efc4723f732ec~tplv-resize:640:0.png', 16.68, 23.68, '上汽通用别克');
INSERT INTO `carinfo` VALUES (1279, '轿车', '沃尔沃S60', 11823, 'https://p3-dcd.byteimg.com/img/motor-img/917e910a69010277adf7b04033758613~tplv-resize:640:0.png', 23.69, 32.79, '沃尔沃亚太');
INSERT INTO `carinfo` VALUES (5151, '轿车', '枫叶60s', 11755, 'https://p1-dcd.byteimg.com/img/motor-img/22ab00035ad9fd4ac71b8baf75aa7293~tplv-resize:640:0.png', 7.98, 14.48, '睿蓝汽车');
INSERT INTO `carinfo` VALUES (3478, '轿车', '蔚来ET7', 14182, 'https://p1-dcd.byteimg.com/img/tos-cn-i-dcdx/92006669007e4306aca312150cf83bff~tplv-resize:640:0.png', 45.8, 53.6, '蔚来');
INSERT INTO `carinfo` VALUES (5004, '轿车', '小鹏P5', 11641, 'https://p1-dcd.byteimg.com/img/motor-img/ee76bb9d0563701bfda81cf509b7d468~tplv-resize:640:0.png', 15.69, 20.29, '小鹏汽车');
INSERT INTO `carinfo` VALUES (2716, '轿车', '奔驰E级PHEV', 11418, 'https://p1-dcd.byteimg.com/img/motor-img/8406a82a50bfc7eee314a8833e42c29c~tplv-resize:640:0.png', 52.23, 52.23, '北京奔驰');
INSERT INTO `carinfo` VALUES (5033, '轿车', '轩度', 11399, 'https://p1-dcd.byteimg.com/img/motor-img/fad7c3cbf79e7f38ea95446b78b262c3~tplv-resize:640:0.png', 6.78, 9.39, '凯翼汽车');
INSERT INTO `carinfo` VALUES (5217, '轿车', '大众ID.3', 11027, 'https://p1-dcd.byteimg.com/img/motor-img/28ea7241eb7d6c429c02f566bfb430be~tplv-resize:640:0.png', 13.99, 16.59, '上汽大众');
INSERT INTO `carinfo` VALUES (1311, '轿车', '悦动', 10769, 'https://p1-dcd.byteimg.com/img/motor-img/7f3d519f70f2da1f8727d61dbf20eb64~tplv-resize:640:0.png', 7.49, 10.59, '北京现代');
INSERT INTO `carinfo` VALUES (4503, '轿车', '凌宝BOX', 10647, 'https://p1-dcd.byteimg.com/img/tos-cn-i-0000c0030/ac2c0e0e38e9475594f2037520b662b3~tplv-resize:640:0.png', 4.38, 6.88, '吉麦新能源');
INSERT INTO `carinfo` VALUES (143, '轿车', '宝马1系', 10153, 'https://p1-dcd.byteimg.com/img/tos-cn-i-dcdx/59e313fe48b24e95a6e56c37ae288f4c~tplv-resize:640:0.png', 16.5, 24.99, '华晨宝马');
INSERT INTO `carinfo` VALUES (287, '轿车', '凌派', 11152, 'https://p1-dcd.byteimg.com/img/motor-img/0177f23b0d8ce46f98fdd1a0c442f875~tplv-resize:640:0.png', 8.58, 15.38, '广汽本田');
INSERT INTO `carinfo` VALUES (1456, '轿车', '逸动EV', 9470, 'https://p1-dcd.byteimg.com/img/motor-img/436afddc96adbf1bea9ad5e693d13a35~tplv-resize:640:0.png', 14.99, 15.99, '长安汽车');
INSERT INTO `carinfo` VALUES (1454, '轿车', '悦翔', 9469, 'https://p9-dcd.byteimg.com/img/motor-img/22f852bbe8a475779133939bf47a43b4~tplv-resize:640:0.png', 5.19, 6.79, '长安汽车');
INSERT INTO `carinfo` VALUES (1114, '轿车', '福瑞迪', 9447, 'https://p1-dcd.byteimg.com/img/mosaic-legacy/beef00009ab4cde68263~tplv-resize:640:0.png', 6.9, 9.7, '起亚');
INSERT INTO `carinfo` VALUES (5093, '轿车', '宝骏KiWi EV', 10189, 'https://p1-dcd.byteimg.com/img/motor-img/efdc6c8ac11f8f256a1a69c114935b01~tplv-resize:640:0.png', 7.78, 10.28, '上汽通用五菱');
INSERT INTO `carinfo` VALUES (5788, '轿车', '元宝', 9235, 'https://p1-dcd.byteimg.com/img/tos-cn-i-0000c0030/f2a8d46ffd534d409d74121995a021cd~tplv-resize:640:0.png', 4.19, 5.19, '北京汽车制造厂');
INSERT INTO `carinfo` VALUES (4755, '轿车', '思皓A5', 9138, 'https://p9-dcd.byteimg.com/img/motor-img/3c999eea8af07ac6c8c15c88371c666f~tplv-resize:640:0.png', 7.88, 14.58, '江汽集团');
INSERT INTO `carinfo` VALUES (5053, '轿车', '欧拉闪电猫', 8655, 'https://p1-dcd.byteimg.com/img/tos-cn-i-0000c0030/1c5fd853d389409db2bb05a358de007a~tplv-resize:640:0.png', 17.78, 25.78, '长城汽车');
INSERT INTO `carinfo` VALUES (1143, '轿车', '骐达TIIDA', 8351, 'https://p3-dcd.byteimg.com/img/tos-cn-i-dcdx/c2bc63fa5a1142b9aba74bf02210d1cc~tplv-resize:640:0.png', 8.79, 12.39, '东风日产');
INSERT INTO `carinfo` VALUES (5440, '轿车', '林肯Z', 8328, 'https://p1-dcd.byteimg.com/img/motor-img/bcb66ab6c3d3d01477068d328fe05788~tplv-resize:640:0.png', 23.18, 32.08, '长安林肯');
INSERT INTO `carinfo` VALUES (3142, '轿车', '迈腾GTE', 8326, 'https://p1-dcd.byteimg.com/img/motor-img/aa0da3e462123203481abf9ce80822a1~tplv-resize:640:0.png', 20.59, 22.09, '一汽-大众');
INSERT INTO `carinfo` VALUES (577, '轿车', '福克斯', 8520, 'https://p1-dcd.byteimg.com/img/motor-img/afc56a676f2fa14ec1dff1f943016eab~tplv-resize:640:0.png', 11.48, 14.08, '长安福特');
INSERT INTO `carinfo` VALUES (4355, '轿车', '红旗H9', 8236, 'https://p1-dcd.byteimg.com/img/tos-cn-i-0000c0030/66dd1160e33f4f648a0d35a765da0475~tplv-resize:640:0.png', 30.98, 86, '一汽红旗');
INSERT INTO `carinfo` VALUES (4796, '轿车', '凌尚', 8112, 'https://p1-dcd.byteimg.com/img/motor-img/66e6bc900e196b8ffdb72e07bfe2b18e~tplv-resize:640:0.png', 10.98, 12.88, '广汽丰田');
INSERT INTO `carinfo` VALUES (1810, '轿车', '风行S50 EV', 7879, 'https://p1-dcd.byteimg.com/img/motor-img/7dc51c86c5c6d2541cadc95dcf4aa5d0~tplv-resize:640:0.png', 12.5, 14, '东风风行');
INSERT INTO `carinfo` VALUES (344, '轿车', '英朗', 16396, 'https://p1-dcd.byteimg.com/img/motor-img/9b938497832d0c174a5e939c64499fd4~tplv-resize:640:0.png', 7.49, 8.09, '上汽通用别克');
INSERT INTO `carinfo` VALUES (4689, '轿车', '芒果', 11377, 'https://p1-dcd.byteimg.com/img/tos-cn-i-0000c0030/7f1923e3ec0a4be69ce4a72dfefe6ed7~tplv-resize:640:0.png', 4.89, 5.59, '雷丁');
INSERT INTO `carinfo` VALUES (5872, '轿车', '帝豪L Hi·P', 22980, 'https://p1-dcd.byteimg.com/img/motor-img/92f2c9929275e6d54b541c826a21e51b~tplv-resize:640:0.png', 10.98, 16.88, '吉利汽车');
INSERT INTO `carinfo` VALUES (539, '轿车', '威驰FS', 7053, 'https://p3-dcd.byteimg.com/img/motor-img/1c65e3ac4deae8b92f41852fe283989a~tplv-resize:640:0.png', 7.48, 8.18, '一汽丰田');
INSERT INTO `carinfo` VALUES (4801, '轿车', '亚洲狮', 6900, 'https://p1-dcd.byteimg.com/img/motor-img/425ce00970c41af596f5fb6d21b7fed9~tplv-resize:640:0.png', 11.78, 15.58, '一汽丰田');
INSERT INTO `carinfo` VALUES (2989, '轿车', '帕萨特PHEV', 6703, 'https://p1-dcd.byteimg.com/img/tos-cn-i-0000c0030/ab05f2a028f9443c875c8e1277a6f40d~tplv-resize:640:0.png', 21.52, 22.41, '上汽大众');
INSERT INTO `carinfo` VALUES (147, '轿车', '宝马5系PHEV', 6282, 'https://p1-dcd.byteimg.com/img/tos-cn-i-dcdx/8521fc33fb8d466b877428ce30a763db~tplv-resize:640:0.png', 49.99, 53.69, '华晨宝马');
INSERT INTO `carinfo` VALUES (1116, '轿车', '起亚K3', 6085, 'https://p1-dcd.byteimg.com/img/tos-cn-i-dcdx/472cba0cc0a54bd6aca66872589b2e1d~tplv-resize:640:0.png', 8.99, 12.09, '起亚');
INSERT INTO `carinfo` VALUES (3095, '轿车', '享域', 5951, 'https://p1-dcd.byteimg.com/img/tos-cn-i-0000c0030/8681b4d403cc4b8aa1b3a44d99614ced~tplv-resize:640:0.png', 8.48, 14.99, '东风本田');
INSERT INTO `carinfo` VALUES (5580, '轿车', '富康ES600', 5937, 'https://p1-dcd.byteimg.com/img/motor-img/9d0422fde61435579a20862d9847eecf~tplv-resize:640:0.png', 15.38, 16.38, '神龙汽车');
INSERT INTO `carinfo` VALUES (5090, '轿车', '哪吒S', 3722, 'https://p1-dcd.byteimg.com/img/tos-cn-i-0000c0030/6e68d1a231974405a454fb210bed5485~tplv-resize:640:0.png', 20.28, 34.18, '合众汽车');
INSERT INTO `carinfo` VALUES (4086, '轿车', '艾瑞泽e', 5728, 'https://p9-dcd.byteimg.com/img/motor-img/801fac00fa4a0818fc25e1fc20372dda~tplv-resize:640:0.png', 15.24, 15.24, '奇瑞新能源');
INSERT INTO `carinfo` VALUES (4601, '轿车', '荣威ei6 MAX', 5701, 'https://p1-dcd.byteimg.com/img/motor-img/266e7ca38ec0c789653c38387dbaa4d6~tplv-resize:640:0.png', 13.38, 18.88, '上汽集团');
INSERT INTO `carinfo` VALUES (5106, '轿车', '零跑C01', 5189, 'https://p9-dcd.byteimg.com/img/tos-cn-i-0000c0030/0ee943406efb4097923418a8e25cc8a1~tplv-resize:640:0.png', 14.98, 28.68, '零跑汽车');
INSERT INTO `carinfo` VALUES (1789, '轿车', '捷豹XEL', 5284, 'https://p1-dcd.byteimg.com/img/motor-img/4ed25584673478bb253640103995b474~tplv-resize:640:0.png', 20.8, 32.98, '奇瑞捷豹路虎');
INSERT INTO `carinfo` VALUES (798, '轿车', '捷豹XFL', 4947, 'https://p1-dcd.byteimg.com/img/motor-img/190c57af7bbbeef1fe4d861898bc4fb0~tplv-resize:640:0.png', 28.1, 37, '奇瑞捷豹路虎');
INSERT INTO `carinfo` VALUES (4182, '轿车', '凯迪拉克CT4', 4926, 'https://p9-dcd.byteimg.com/img/tos-cn-i-dcdx/5312e1be61924f1988aaf45a2d8bfbb0~tplv-resize:640:0.png', 18.97, 22.47, '上汽通用凯迪拉克');
INSERT INTO `carinfo` VALUES (4663, '轿车', '本田LIFE', 4884, 'https://p1-dcd.byteimg.com/img/motor-img/f664d40aa8fca60a606e852ee01ed2d6~tplv-resize:640:0.png', 8.78, 10.28, '东风本田');
INSERT INTO `carinfo` VALUES (5828, '轿车', 'MG MULAN', 4660, 'https://p3-dcd.byteimg.com/img/tos-cn-i-dcdx/5dbbf93bb0594aa8a4be18e5ba742f15~tplv-resize:640:0.png', 12.98, 18.68, '上汽集团');
INSERT INTO `carinfo` VALUES (5264, '轿车', '思皓曜', 10862, 'https://p3-dcd.byteimg.com/img/motor-img/b0e7c4d75f7ffc9bc348ce64fcd62692~tplv-resize:640:0.png', 9.88, 19.68, '江汽集团');
INSERT INTO `carinfo` VALUES (578, '轿车', '福睿斯', 4436, 'https://p1-dcd.byteimg.com/img/motor-img/54c49731f4a088f58c0fe095498238a4~tplv-resize:640:0.png', 7.28, 9.88, '长安福特');
INSERT INTO `carinfo` VALUES (859, '轿车', '凯迪拉克CT6', 4366, 'https://p1-dcd.byteimg.com/img/tos-cn-i-0000c0030/e8b204a3f7ab4684a7f0e8de12fd6a0e~tplv-resize:640:0.png', 29.97, 38.97, '上汽通用凯迪拉克');
INSERT INTO `carinfo` VALUES (6080, '轿车', '几何G6', 3893, 'https://p1-dcd.byteimg.com/img/tos-cn-i-0000c0030/81316967e431458da0c6c88167e31a19~tplv-resize:640:0.png', 14.68, 18.68, '几何汽车');
INSERT INTO `carinfo` VALUES (5896, '轿车', '五菱Air ev晴空', 3793, 'https://p3-dcd.byteimg.com/img/tos-cn-i-dcdx/8c27ef5a5a234a1d8d74da44fb388893~tplv-resize:640:0.png', 6.78, 8.28, '上汽通用五菱');
INSERT INTO `carinfo` VALUES (32, '轿车', '名爵6', 3750, 'https://p1-dcd.byteimg.com/img/motor-img/536a776803839c461a7f65b533290b18~tplv-resize:640:0.png', 9.38, 12.98, '上汽集团');
INSERT INTO `carinfo` VALUES (5868, '轿车', '思皓爱跑', 3730, 'https://p1-dcd.byteimg.com/img/motor-img/076bc948f11dbcfec71b9f42df8a364d~tplv-resize:640:0.png', 14.69, 17.69, '江汽集团');
INSERT INTO `carinfo` VALUES (1241, '轿车', '明锐', 3403, 'https://p1-dcd.byteimg.com/img/tos-cn-i-0000c0030/a0bc0b0cfccc4e17b735cee11f876cd3~tplv-resize:640:0.png', 8.49, 13.69, '上汽大众斯柯达');
INSERT INTO `carinfo` VALUES (5389, '轿车', '风光MINIEV', 3391, 'https://p1-dcd.byteimg.com/img/motor-img/d7c240b7c803e1ce776dddab51d26248~tplv-resize:640:0.png', 3.26, 5.56, '东风小康');
INSERT INTO `carinfo` VALUES (4870, '轿车', '智己L7', 4038, 'https://p1-dcd.byteimg.com/img/tos-cn-i-dcdx/2b9f5b7572c6425284d7c82243b15016~tplv-resize:640:0.png', 33.88, 57.88, '智己汽车');
INSERT INTO `carinfo` VALUES (5293, '轿车', 'YOUNG光小新', 3253, 'https://p1-dcd.byteimg.com/img/tos-cn-i-dcdx/3521e3d04aa24f698224fa2dbc7e335f~tplv-resize:640:0.png', 7.58, 9.48, '电动屋');
INSERT INTO `carinfo` VALUES (5152, '轿车', '威马E.5', 12435, 'https://p3-dcd.byteimg.com/img/motor-img/561fc274c90a455fb0c9c2d914345c47~tplv-resize:640:0.png', 17.51, 21.51, '威马汽车');
INSERT INTO `carinfo` VALUES (1760, '轿车', '荣威Ei5', 2984, 'https://p1-dcd.byteimg.com/img/motor-img/f44c223bbfe4ddf0d92ef89139ae89bd~tplv-resize:640:0.png', 15.28, 16.68, '上汽集团');
INSERT INTO `carinfo` VALUES (5385, '轿车', '凌宝Uni', 2941, 'https://p1-dcd.byteimg.com/img/motor-img/f0549e706e22b4bef069b9e470c55ff3~tplv-resize:640:0.png', 3.48, 4.18, '吉麦新能源');
INSERT INTO `carinfo` VALUES (4081, '轿车', '雪佛兰畅巡', 2898, 'https://p1-dcd.byteimg.com/img/motor-img/017ffe70e741c3fe352de81cc84795ce~tplv-resize:640:0.png', 15.29, 16.79, '上汽通用雪佛兰');
INSERT INTO `carinfo` VALUES (1119, '轿车', '起亚K5', 2739, 'https://p9-dcd.byteimg.com/img/motor-img/b9d80160c481012488835c2bfca2444c~tplv-resize:640:0.png', 14.18, 18.58, '起亚');
INSERT INTO `carinfo` VALUES (1628, '轿车', '启辰D60', 2771, 'https://p3-dcd.byteimg.com/img/motor-img/c5730522b42cd55fa22e68982cefe8b9~tplv-resize:640:0.png', 6.48, 13.58, '东风日产启辰');
INSERT INTO `carinfo` VALUES (1318, '轿车', '索纳塔', 2672, 'https://p1-dcd.byteimg.com/img/motor-img/3a77e1d3e95b18a62bdc1219f53f1732~tplv-resize:640:0.png', 14.58, 18.98, '北京现代');
INSERT INTO `carinfo` VALUES (4858, '轿车', '羿', 2432, 'https://p3-dcd.byteimg.com/img/motor-img/c53f4e31b5bc85aa0d8c14dec47cac09~tplv-resize:640:0.png', 13.98, 19.98, '雷诺 江铃集团');
INSERT INTO `carinfo` VALUES (2965, '轿车', '沃兰多', 2398, 'https://p1-dcd.byteimg.com/img/motor-img/ad0ae0cf1272d8b27ebf25305a779e6e~tplv-resize:640:0.png', 8.79, 11.09, '上汽通用雪佛兰');
INSERT INTO `carinfo` VALUES (5813, '轿车', '奔驰EQE', 2364, 'https://p9-dcd.byteimg.com/img/motor-img/4ea57237b66d26a84ae6dcc9adc0af6f~tplv-resize:640:0.png', 47.8, 53.43, '北京奔驰');
INSERT INTO `carinfo` VALUES (1239, '轿车', '昕锐', 2308, 'https://p1-dcd.byteimg.com/img/motor-img/bc388c092dda8d3bcedb2c66cfda1941~tplv-resize:640:0.png', 8.49, 8.49, '上汽大众斯柯达');
INSERT INTO `carinfo` VALUES (5888, '轿车', '无界Pro', 2121, 'https://p1-dcd.byteimg.com/img/tos-cn-i-dcdx/43d183c57f8343339359a58dd2d7c8d8~tplv-resize:640:0.png', 8.99, 11.59, '奇瑞新能源');
INSERT INTO `carinfo` VALUES (4188, '轿车', '锐程CC', 2133, 'https://p1-dcd.byteimg.com/img/motor-img/2aff6988b0a396a2fe0f26dcd73727b6~tplv-resize:640:0.png', 9.39, 10.89, '长安汽车');
INSERT INTO `carinfo` VALUES (690, '轿车', '红旗H7', 2196, 'https://p1-dcd.byteimg.com/img/motor-img/78023a6567ddb717ea22b1f44fd9d4d3~tplv-resize:640:0.png', 25.28, 28.88, '一汽红旗');
INSERT INTO `carinfo` VALUES (337, '轿车', '标致508L', 1991, 'https://p1-dcd.byteimg.com/img/motor-img/304dff8a7af711897b242f6a59961fdb~tplv-resize:640:0.png', 14.77, 21.27, '东风标致');
INSERT INTO `carinfo` VALUES (4076, '轿车', '比亚迪e3', 3618, 'https://p1-dcd.byteimg.com/img/motor-img/993f74dfdbd9feb7e14875c014b44163~tplv-resize:640:0.png', 14.98, 14.98, '比亚迪');
INSERT INTO `carinfo` VALUES (213, '轿车', '奔驰C级PHEV', 1967, 'https://p1-dcd.byteimg.com/img/motor-img/b811b4781dab7c3d0e8d7cdf88411fde~tplv-resize:640:0.png', 40.73, 40.73, '北京奔驰');
INSERT INTO `carinfo` VALUES (4834, '轿车', '华晨新日i03', 3352, 'https://p1-dcd.byteimg.com/img/motor-img/6f94191738bca583a363b6a29c8a5c85~tplv-resize:640:0.png', 4.39, 9.88, '华晨新日');
INSERT INTO `carinfo` VALUES (4302, '轿车', '奥迪A7L', 1838, 'https://p1-dcd.byteimg.com/img/motor-img/2d8a5201cffa633101a59b71d00fafef~tplv-resize:640:0.png', 41.87, 77.77, '上汽奥迪');
INSERT INTO `carinfo` VALUES (2937, '轿车', '沃尔沃S90 RECHARGE', 1814, 'https://p1-dcd.byteimg.com/img/motor-img/30c75f1e8d46ba045e0078395194ddb8~tplv-resize:640:0.png', 37.99, 48.59, '沃尔沃亚太');
INSERT INTO `carinfo` VALUES (402, '轿车', '辉昂', 1658, 'https://p1-dcd.byteimg.com/img/motor-img/83ea15115e6f0f60f15837da6dea8470~tplv-resize:640:0.png', 29.3, 39.9, '上汽大众');
INSERT INTO `carinfo` VALUES (5923, '轿车', '长安UNI-V 智电iDD', 1637, 'https://p1-dcd.byteimg.com/img/tos-cn-i-dcdx/6ac66805601f4925995bbfd2f85e2af4~tplv-resize:640:0.png', 13.99, 15.49, '长安汽车');
INSERT INTO `carinfo` VALUES (2889, '轿车', '菲斯塔', 1563, 'https://p1-dcd.byteimg.com/img/tos-cn-i-0000c0030/2e45b8a8b3fe48edbfc304909de6f3a2~tplv-resize:640:0.png', 13.88, 15.48, '北京现代');
INSERT INTO `carinfo` VALUES (3028, '轿车', '易至EV3小雷达', 1522, 'https://p1-dcd.byteimg.com/img/motor-img/486c35ff335c82c459a433101236db5d~tplv-resize:640:0.png', 7.98, 8.48, '江铃集团新能源');
INSERT INTO `carinfo` VALUES (1707, '轿车', '奥迪A6L PHEV', 1511, 'https://p1-dcd.byteimg.com/img/motor-img/e84a67d39282a0550546632e9e6cefb5~tplv-resize:640:0.png', 42.9, 42.9, '一汽-大众奥迪');
INSERT INTO `carinfo` VALUES (5297, '轿车', '欧拉芭蕾猫', 2362, 'https://p1-dcd.byteimg.com/img/motor-img/0bedfedf47aa941755f9ae70f4b0233b~tplv-resize:640:0.png', 15.3, 20.3, '长城汽车');
INSERT INTO `carinfo` VALUES (1306, '轿车', '悦纳', 1373, 'https://p1-dcd.byteimg.com/img/motor-img/a9bca3a1da251b1ce85853e32f87b5f1~tplv-resize:640:0.png', 6.28, 8.68, '北京现代');
INSERT INTO `carinfo` VALUES (2315, '轿车', '逸动DT', 1300, 'https://p1-dcd.byteimg.com/img/motor-img/2eb5d0ad4499c08c659400c611fcde08~tplv-resize:640:0.png', 5.79, 7.39, '长安汽车');
INSERT INTO `carinfo` VALUES (2881, '轿车', '卡罗拉双擎E+', 1286, 'https://p1-dcd.byteimg.com/img/motor-img/5d24ebd28604b5143898bbf4ae6f8dae~tplv-resize:640:0.png', 16.98, 19.28, '一汽丰田');
INSERT INTO `carinfo` VALUES (3360, '轿车', '奔驰A级AMG', 1269, 'https://p1-dcd.byteimg.com/img/tos-cn-i-dcdx/dace7ca103474e12a9a96efdf4b39170~tplv-resize:640:0.png', 39.51, 39.98, '北京奔驰');
INSERT INTO `carinfo` VALUES (5014, '轿车', '小虎FEV', 1143, 'https://p1-dcd.byteimg.com/img/motor-img/9265da77f9e501614776f2afe7afa78f~tplv-resize:640:0.png', 4.09, 5.59, '宏瑞汽车');
INSERT INTO `carinfo` VALUES (1422, '轿车', '英菲尼迪Q50L', 1140, 'https://p1-dcd.byteimg.com/img/motor-img/0b43e0db95032599a8724ab48c8c0146~tplv-resize:640:0.png', 26.48, 38.98, '东风英菲尼迪');
INSERT INTO `carinfo` VALUES (4637, '轿车', '极狐 阿尔法S', 3702, 'https://p1-dcd.byteimg.com/img/motor-img/434138527be4981719eaad42469e3fd2~tplv-resize:640:0.png', 22.38, 42.99, '北汽新能源');
INSERT INTO `carinfo` VALUES (343, '轿车', '凯越', 1022, 'https://p3-dcd.byteimg.com/img/motor-img/188890f35fa5376c8a327b3a2f8cf11a~tplv-resize:640:0.png', 7.39, 8.99, '上汽通用别克');
INSERT INTO `carinfo` VALUES (1243, '轿车', '速派', 993, 'https://p1-dcd.byteimg.com/img/motor-img/2b48a7e90d9cc764cb4828a3de87e1f4~tplv-resize:640:0.png', 14.49, 16.99, '上汽大众斯柯达');
INSERT INTO `carinfo` VALUES (612, '轿车', '传祺GA6', 896, 'https://p1-dcd.byteimg.com/img/motor-img/289c5325172fcb97b329b2804c3b5cca~tplv-resize:640:0.png', 10.28, 16.28, '广汽乘用车');
INSERT INTO `carinfo` VALUES (6209, '轿车', '逸达', 845, 'https://p1-dcd.byteimg.com/img/tos-cn-i-dcdx/2ea2939fb4784bddab23b2d6d5d940ef~tplv-resize:640:0.png', 0, 0, '长安汽车');
INSERT INTO `carinfo` VALUES (6069, '轿车', '合创A06', 689, 'https://p1-dcd.byteimg.com/img/tos-cn-i-dcdx/6ed97fb37fb446c2bfc1ed3f142f8015~tplv-resize:640:0.png', 17.98, 26.98, '合创汽车');
INSERT INTO `carinfo` VALUES (1375, '轿车', '雪铁龙C6', 796, 'https://p1-dcd.byteimg.com/img/motor-img/d6f728d6a1b5ed93ba1d8e394a860c3e~tplv-resize:640:0.png', 16.47, 25.69, '东风雪铁龙');
INSERT INTO `carinfo` VALUES (5407, '轿车', '华晨新日i03A', 949, 'https://p1-dcd.byteimg.com/img/motor-img/76b290a10547a7aa87424d1f5e02ef78~tplv-resize:640:0.png', 9.38, 12.5, '华晨新日');
INSERT INTO `carinfo` VALUES (4294, '轿车', '起亚K3 EV', 592, 'https://p1-dcd.byteimg.com/img/motor-img/84eb314bb191ef1217b3dceb4b0a6db6~tplv-resize:640:0.png', 17.68, 18.68, '起亚');
INSERT INTO `carinfo` VALUES (2799, '轿车', '博瑞', 940, 'https://p1-dcd.byteimg.com/img/motor-img/15540b28144163c8285da7d052aebd90~tplv-resize:640:0.png', 12.53, 13.88, '吉利汽车');
INSERT INTO `carinfo` VALUES (1280, '轿车', '沃尔沃S60 RECHARGE', 420, 'https://p1-dcd.byteimg.com/img/motor-img/0e1a0647fc7451ffefef866f0bf05386~tplv-resize:640:0.png', 33.39, 38.29, '沃尔沃亚太');
INSERT INTO `carinfo` VALUES (1007, '轿车', '阿特兹', 370, 'https://p1-dcd.byteimg.com/img/motor-img/23dae7287112eed1cb699aa22646497f~tplv-resize:640:0.png', 15.58, 21.98, '长安马自达');
INSERT INTO `carinfo` VALUES (2990, '轿车', '东南A5翼舞', 422, 'https://p1-dcd.byteimg.com/img/motor-img/fa51d098b8990022908db16206dc8362~tplv-resize:640:0.png', 5.79, 11.99, '东南汽车');
INSERT INTO `carinfo` VALUES (1719, '轿车', '焕驰', 375, 'https://p1-dcd.byteimg.com/img/motor-img/c655aa38e008e10259a76a207c62a295~tplv-resize:640:0.png', 6.19, 6.59, '起亚');
INSERT INTO `carinfo` VALUES (1795, '轿车', '名爵6 PHEV', 309, 'https://p1-dcd.byteimg.com/img/motor-img/16e6d5614f7333918afa4d91a79e7466~tplv-resize:640:0.png', 11.98, 19.98, '上汽集团');
INSERT INTO `carinfo` VALUES (4087, '轿车', '广汽丰田iA5', 293, 'https://p9-dcd.byteimg.com/img/motor-img/d615385354694acde6298b463af5aba7~tplv-resize:640:0.png', 13.48, 16.78, '广汽丰田');
INSERT INTO `carinfo` VALUES (5334, '轿车', '百智大熊', 2787, 'https://p3-dcd.byteimg.com/img/motor-img/05eb24249b823a800141bae742dc6ff2~tplv-resize:640:0.png', 3.88, 5.88, '领途汽车');
INSERT INTO `carinfo` VALUES (5898, '轿车', '小麒麟', 279, 'https://p1-dcd.byteimg.com/img/tos-cn-i-0000c0030/a30b9c62ac0e4fc4a59fd3f6002a27cb~tplv-resize:640:0.png', 5.59, 5.89, '雷诺 江铃集团');
INSERT INTO `carinfo` VALUES (532, '轿车', 'YARiS L 致享', 226, 'https://p1-dcd.byteimg.com/img/motor-img/73e968bb7d93ca7617640dd4a5b29dbf~tplv-resize:640:0.png', 6.98, 7.58, '广汽丰田');
INSERT INTO `carinfo` VALUES (1146, '轿车', '蓝鸟', 422, 'https://p1-dcd.byteimg.com/img/motor-img/6a890b642bc57f51fada5de6db6af34d~tplv-resize:640:0.png', 10.79, 11.59, '东风日产');
INSERT INTO `carinfo` VALUES (5787, '轿车', '家宝', 190, 'https://p1-dcd.byteimg.com/img/tos-cn-i-dcdx/728291e0ef6249e98ff70de768217bb1~tplv-resize:640:0.png', 4.69, 5.69, '北京汽车制造厂');
INSERT INTO `carinfo` VALUES (1314, '轿车', '名图', 165, 'https://p1-dcd.byteimg.com/img/motor-img/72d70bf376d6bb70c1e42dd8342f3413~tplv-resize:640:0.png', 11.78, 15.28, '北京现代');
INSERT INTO `carinfo` VALUES (2882, '轿车', '雷凌双擎E+', 154, 'https://p3-dcd.byteimg.com/img/mosaic-legacy/bef000011149f032b839~tplv-resize:640:0.png', 16.68, 18.18, '广汽丰田');
INSERT INTO `carinfo` VALUES (3724, '轿车', 'DS 9', 137, 'https://p1-dcd.byteimg.com/img/motor-img/fc67d704cb45ca837dc5130b5cc62498~tplv-resize:640:0.png', 17.99, 29.49, 'DS汽车');
INSERT INTO `carinfo` VALUES (613, '轿车', '传祺GA8', 157, 'https://p1-dcd.byteimg.com/img/motor-img/911cc4fa34ff545a5f7b8806299169a0~tplv-resize:640:0.png', 15.18, 22.18, '广汽乘用车');
INSERT INTO `carinfo` VALUES (4795, '轿车', '绎乐', 109, 'https://p1-dcd.byteimg.com/img/motor-img/7c81468c2481b939613261d525bd1e8b~tplv-resize:640:0.png', 14.78, 16.98, '广汽本田');
INSERT INTO `carinfo` VALUES (4758, '轿车', '名图 纯电动', 142, 'https://p3-dcd.byteimg.com/img/motor-img/b67b3eec8cfd60f7bff89c8e01f844a6~tplv-resize:640:0.png', 17.88, 20.38, '北京现代');
INSERT INTO `carinfo` VALUES (3455, '轿车', '比亚迪e2', 10875, 'https://p1-dcd.byteimg.com/img/tos-cn-i-0000c0030/cd1d9f3f188a481dae82b85e31058e82~tplv-resize:640:0.png', 9.08, 14.48, '比亚迪');
INSERT INTO `carinfo` VALUES (6205, '轿车', '岚图追光', 62, 'https://p1-dcd.byteimg.com/img/tos-cn-i-dcdx/45e0ac325fd04a4e8b1ce482ce1be56e~tplv-resize:640:0.png', 0, 0, '岚图汽车');
INSERT INTO `carinfo` VALUES (1934, '轿车', '零跑S01', 54, 'https://p1-dcd.byteimg.com/img/motor-img/3b318ce984dc799f5fe64c2b8a74b54d~tplv-resize:640:0.png', 12.99, 14.99, '零跑汽车');
INSERT INTO `carinfo` VALUES (4157, '轿车', 'DS 9 PHEV', 30, 'https://p1-dcd.byteimg.com/img/motor-img/6505fe35f2a3a3ffa5a1ffbb7bd5a617~tplv-resize:640:0.png', 22.99, 33, 'DS汽车');
INSERT INTO `carinfo` VALUES (2582, '轿车', '昌河北斗星', 527, 'https://p1-dcd.byteimg.com/img/motor-img/2a6fa303c25bf5136ae73cc493275797~tplv-resize:640:0.png', 4.6999, 4.6999, '北汽昌河');
INSERT INTO `carinfo` VALUES (3076, '轿车', '富康ES500', 11, 'https://p1-dcd.byteimg.com/img/mosaic-legacy/bef3000098390fb9d847~tplv-resize:640:0.png', 14.18, 14.18, '神龙汽车');
INSERT INTO `carinfo` VALUES (1931, '轿车', '传祺GA4', 16, 'https://p1-dcd.byteimg.com/img/motor-img/b35744afd267f4f0ce0dc75e816103e7~tplv-resize:640:0.png', 7.58, 14.08, '广汽乘用车');
INSERT INTO `carinfo` VALUES (1240, '轿车', '昕动', 37, 'https://p1-dcd.byteimg.com/img/motor-img/6999872c043adc972a66a7dcea885349~tplv-resize:640:0.png', 6.99, 10.19, '上汽大众斯柯达');
INSERT INTO `carinfo` VALUES (4865, 'SUV', '宋PLUS DM-i', 253442, 'https://p1-dcd.byteimg.com/img/motor-img/a7188d742fdf9515fb0655df78ce20d3~tplv-resize:640:0.png', 15.48, 21.88, '比亚迪');
INSERT INTO `carinfo` VALUES (4363, 'SUV', 'Model Y', 188192, 'https://p1-dcd.byteimg.com/img/motor-img/369ece92bbd1c98470e0b22605b78f31~tplv-resize:640:0.png', 26.19, 36.19, '特斯拉中国');
INSERT INTO `carinfo` VALUES (3196, 'SUV', '长安CS75 PLUS', 119793, 'https://p3-dcd.byteimg.com/img/tos-cn-i-dcdx/a2a1174bfcd047119127949fd9e0bd64~tplv-resize:640:0.png', 10.79, 15.09, '长安汽车');
INSERT INTO `carinfo` VALUES (5248, 'SUV', '元PLUS', 107659, 'https://p1-dcd.byteimg.com/img/motor-img/73eaa859a85ce54d417dfdfc4b1e9f0b~tplv-resize:640:0.png', 13.98, 16.78, '比亚迪');
INSERT INTO `carinfo` VALUES (649, 'SUV', '哈弗H6', 106969, 'https://p1-dcd.byteimg.com/img/tos-cn-i-0000c0030/7b2e1cff6bf34881bcfa98906a11001d~tplv-resize:640:0.png', 8.89, 14.7, '长城汽车');
INSERT INTO `carinfo` VALUES (280, 'SUV', '本田CR-V', 81581, 'https://p9-dcd.byteimg.com/img/tos-cn-i-dcdx/bc20bec323e9460e862ac2b30b0f9991~tplv-resize:640:0.png', 16.98, 24.98, '东风本田');
INSERT INTO `carinfo` VALUES (311, 'SUV', '唐DM', 76002, 'https://p1-dcd.byteimg.com/img/motor-img/a1ec091ce98812219689ca6ae401c2bf~tplv-resize:640:0.png', 20.98, 33.18, '比亚迪');
INSERT INTO `carinfo` VALUES (4223, 'SUV', '长安CS55 PLUS', 75644, 'https://p1-dcd.byteimg.com/img/motor-img/083ddd0b9a86e1afbf6426e78865f1b4~tplv-resize:640:0.png', 8.49, 11.99, '长安汽车');
INSERT INTO `carinfo` VALUES (546, 'SUV', 'RAV4荣放', 77447, 'https://p3-dcd.byteimg.com/img/motor-img/d1ac1817fbc495d355e029a8b10c68f8~tplv-resize:640:0.png', 15.58, 23.98, '一汽丰田');
INSERT INTO `carinfo` VALUES (404, 'SUV', '途观L', 78237, 'https://p1-dcd.byteimg.com/img/motor-img/8201ed0a4daa11da0ecfc31209187bde~tplv-resize:640:0.png', 18.4, 26.38, '上汽大众');
INSERT INTO `carinfo` VALUES (216, 'SUV', '奔驰GLC', 70722, 'https://p3-dcd.byteimg.com/img/motor-img/e7f454e5d4e4455413faa4bba5126799~tplv-resize:640:0.png', 40.63, 47.39, '北京奔驰');
INSERT INTO `carinfo` VALUES (4814, 'SUV', 'AION Y', 67698, 'https://p1-dcd.byteimg.com/img/tos-cn-i-0000c0030/07898abe157a44939c84cf5fb4ea3b3c~tplv-resize:640:0.png', 11.98, 18.48, '广汽埃安新能源');
INSERT INTO `carinfo` VALUES (4857, 'SUV', '星越L', 68839, 'https://p1-dcd.byteimg.com/img/tos-cn-i-dcdx/e089916842c943ab8277e180dfb3240b~tplv-resize:640:0.png', 13.12, 17.92, '吉利汽车');
INSERT INTO `carinfo` VALUES (4172, 'SUV', '威兰达', 67760, 'https://p1-dcd.byteimg.com/img/motor-img/6f0e7dd2d71698e60b68a28b609bf66e~tplv-resize:640:0.png', 15.28, 22.68, '广汽丰田');
INSERT INTO `carinfo` VALUES (3159, 'SUV', '红旗HS5', 65107, 'https://p1-dcd.byteimg.com/img/motor-img/d3c2eba12fe90932391dee1e6438b7c4~tplv-resize:640:0.png', 18.38, 24.98, '一汽红旗');
INSERT INTO `carinfo` VALUES (2975, 'SUV', '缤越', 63580, 'https://p1-dcd.byteimg.com/img/motor-img/d119bbcc22df849ce240cd08c329eabb~tplv-resize:640:0.png', 6.98, 11.48, '吉利汽车');
INSERT INTO `carinfo` VALUES (1150, 'SUV', '逍客', 68945, 'https://p3-dcd.byteimg.com/img/motor-img/13bed7b219eed10cf806843d24fed5f8~tplv-resize:640:0.png', 11.99, 15.39, '东风日产');
INSERT INTO `carinfo` VALUES (2836, 'SUV', '途岳', 66673, 'https://p1-dcd.byteimg.com/img/motor-img/fdbc773aa996c35cbc4371205d15bc30~tplv-resize:640:0.png', 13.06, 18.86, '上汽大众');
INSERT INTO `carinfo` VALUES (352, 'SUV', '昂科威', 60805, 'https://p1-dcd.byteimg.com/img/tos-cn-i-dcdx/8c49aa2236a74207a201bac3a1f90046~tplv-resize:640:0.png', 16.29, 29.59, '上汽通用别克');
INSERT INTO `carinfo` VALUES (5369, 'SUV', '锋兰达', 61321, 'https://p1-dcd.byteimg.com/img/motor-img/a7ae2592432f7ec07df7e4139ea0ac3d~tplv-resize:640:0.png', 11.58, 15.98, '广汽丰田');
INSERT INTO `carinfo` VALUES (2916, 'SUV', '奥迪Q5L', 62758, 'https://p1-dcd.byteimg.com/img/motor-img/201fcd0f4247174b883e027100c6f7b3~tplv-resize:640:0.png', 34.1, 48.88, '一汽-大众奥迪');
INSERT INTO `carinfo` VALUES (2794, 'SUV', '瑞虎8', 57254, 'https://p1-dcd.byteimg.com/img/tos-cn-i-dcdx/734a4fbac7cf461293613d4f1a478e5b~tplv-resize:640:0.png', 8.68, 16.89, '奇瑞汽车');
INSERT INTO `carinfo` VALUES (6025, 'SUV', '博越L', 45351, 'https://p1-dcd.byteimg.com/img/tos-cn-i-0000c0030/6eb4644947674771833b1142c6937eac~tplv-resize:640:0.png', 12.07, 16.57, '吉利汽车');
INSERT INTO `carinfo` VALUES (4079, 'SUV', '皓影', 63114, 'https://p1-dcd.byteimg.com/img/tos-cn-i-dcdx/79f94bbb948e4a3d8335d983dbdd3812~tplv-resize:640:0.png', 14.98, 24.39, '广汽本田');
INSERT INTO `carinfo` VALUES (2812, 'SUV', '宝马X3', 55026, 'https://p9-dcd.byteimg.com/img/motor-img/77da976a9938b0ec5fc46615b7715e74~tplv-resize:640:0.png', 39.69, 48.69, '华晨宝马');
INSERT INTO `carinfo` VALUES (5227, 'SUV', '理想L9', 46969, 'https://p1-dcd.byteimg.com/img/tos-cn-i-dcdx/4f056cfb109c43308e929851d8764605~tplv-resize:640:0.png', 45.98, 45.98, '理想汽车');
INSERT INTO `carinfo` VALUES (5382, 'SUV', '卡罗拉锐放', 53764, 'https://p3-dcd.byteimg.com/img/motor-img/58d617d55bda2d2a8aeb9b9d0e8ca823~tplv-resize:640:0.png', 12.18, 16.18, '一汽丰田');
INSERT INTO `carinfo` VALUES (3504, 'SUV', '宋Pro DM-i', 48886, 'https://p1-dcd.byteimg.com/img/motor-img/8dff43d228b48579b76fed21fb937fbb~tplv-resize:640:0.png', 14.08, 16.58, '比亚迪');
INSERT INTO `carinfo` VALUES (1938, 'SUV', '捷途X70', 48242, 'https://p1-dcd.byteimg.com/img/tos-cn-i-dcdx/9f9edd2f1b8f4ff68538900708783c01~tplv-resize:640:0.png', 7.69, 16.49, '奇瑞汽车');
INSERT INTO `carinfo` VALUES (5273, 'SUV', '宝马X5', 48829, 'https://p9-dcd.byteimg.com/img/motor-img/b52cd12ebe3539aec00f1eb70b53464f~tplv-resize:640:0.png', 60.5, 77.2, '华晨宝马');
INSERT INTO `carinfo` VALUES (4629, 'SUV', '哪吒V', 50053, 'https://p9-dcd.byteimg.com/img/motor-img/b1c609f886fde261cd413819766215b7~tplv-resize:640:0.png', 8.39, 10.38, '合众汽车');
INSERT INTO `carinfo` VALUES (4615, 'SUV', '坦克300', 46691, 'https://p1-dcd.byteimg.com/img/motor-img/53d89e20ef5df0119912ecfc6db642ae~tplv-resize:640:0.png', 19.88, 30.28, '长城汽车');
INSERT INTO `carinfo` VALUES (4563, 'SUV', '哈弗大狗', 44870, 'https://p1-dcd.byteimg.com/img/motor-img/19857aeae278393bf5c5ab91306fb6e0~tplv-resize:640:0.png', 10.99, 15.79, '长城汽车');
INSERT INTO `carinfo` VALUES (148, 'SUV', '宝马X1', 43802, 'https://p9-dcd.byteimg.com/img/motor-img/2b5c618b410d350194d653e27701443b~tplv-resize:640:0.png', 22.2, 28.8, '华晨宝马');
INSERT INTO `carinfo` VALUES (2835, 'SUV', '探岳', 39935, 'https://p1-dcd.byteimg.com/img/motor-img/fa07dcebd6da68142bf78b8afc536956~tplv-resize:640:0.png', 17.99, 23.49, '一汽-大众');
INSERT INTO `carinfo` VALUES (4540, 'SUV', '宋PLUS EV', 41810, 'https://p9-dcd.byteimg.com/img/motor-img/04397f3a02b4fdb4ae10cd4687258e9a~tplv-resize:640:0.png', 18.68, 20.38, '比亚迪');
INSERT INTO `carinfo` VALUES (3052, 'SUV', '长安CS35 PLUS', 37688, 'https://p1-dcd.byteimg.com/img/motor-img/810127c3c51f072dd2ea70a1a5aa09db~tplv-resize:640:0.png', 6.19, 10.19, '长安汽车');
INSERT INTO `carinfo` VALUES (1977, 'SUV', 'T-ROC探歌', 38264, 'https://p9-dcd.byteimg.com/img/motor-img/9b21c2f884072a403649001c47173cd8~tplv-resize:640:0.png', 12.89, 14.79, '一汽-大众');
INSERT INTO `carinfo` VALUES (4532, 'SUV', '长安欧尚X5', 45057, 'https://p1-dcd.byteimg.com/img/tos-cn-i-0000c0030/b64aacbe3a8e403b85b992a855a98247~tplv-resize:640:0.png', 6.89, 10.19, '长安汽车');
INSERT INTO `carinfo` VALUES (5439, 'SUV', '长安欧尚Z6', 40110, 'https://p3-dcd.byteimg.com/img/motor-img/252d100a630cf9298e8d357fe7ee8ffc~tplv-resize:640:0.png', 9.99, 12.99, '长安汽车');
INSERT INTO `carinfo` VALUES (5037, 'SUV', '五菱星辰', 35913, 'https://p1-dcd.byteimg.com/img/tos-cn-i-0000c0030/3bdd63940d144edfb4dc2f4c44bf3a48~tplv-resize:640:0.png', 6.98, 10.98, '上汽通用五菱');
INSERT INTO `carinfo` VALUES (3171, 'SUV', '捷达VS5', 35884, 'https://p1-dcd.byteimg.com/img/motor-img/4e0ece8f2c30e8a65193f373a1b02195~tplv-resize:640:0.png', 7.78, 10.68, '一汽-大众捷达');
INSERT INTO `carinfo` VALUES (1594, 'SUV', '哈弗M6', 39153, 'https://p1-dcd.byteimg.com/img/motor-img/3318a942828459ec7ce8bd81f8e187d9~tplv-resize:640:0.png', 6.49, 8.59, '长城汽车');
INSERT INTO `carinfo` VALUES (1323, 'SUV', '现代ix35', 35551, 'https://p1-dcd.byteimg.com/img/motor-img/e090bfd2721a95954c34d38c5f30ba8b~tplv-resize:640:0.png', 10.48, 13.08, '北京现代');
INSERT INTO `carinfo` VALUES (3928, 'SUV', '奔驰GLB', 31768, 'https://p3-dcd.byteimg.com/img/motor-img/ac64546623515f28fc6e56e38f7f2dd3~tplv-resize:640:0.png', 29.59, 36.48, '北京奔驰');
INSERT INTO `carinfo` VALUES (4342, 'SUV', '领克06', 28743, 'https://p1-dcd.byteimg.com/img/tos-cn-i-0000c0030/966f08b55755438396de98f5551d8e01~tplv-resize:640:0.png', 10.86, 13.68, '领克');
INSERT INTO `carinfo` VALUES (536, 'SUV', '汉兰达', 31191, 'https://p1-dcd.byteimg.com/img/motor-img/21f7dee55995145fa5f742657ff783a0~tplv-resize:640:0.png', 26.88, 34.88, '广汽丰田');
INSERT INTO `carinfo` VALUES (616, 'SUV', '传祺GS4', 31108, 'https://p1-dcd.byteimg.com/img/motor-img/49e92be44efc89a0094edc9a46face3f~tplv-resize:640:0.png', 7.98, 12.18, '广汽乘用车');
INSERT INTO `carinfo` VALUES (1282, 'SUV', '沃尔沃XC60', 30964, 'https://p3-dcd.byteimg.com/img/tos-cn-i-0000c0030/9fc81d02952e497ea5612b0171c5f88e~tplv-resize:640:0.png', 29.59, 39.69, '沃尔沃亚太');
INSERT INTO `carinfo` VALUES (6095, 'SUV', '理想L8', 21581, 'https://p1-dcd.byteimg.com/img/tos-cn-i-dcdx/df46af6b3ad1439f83d4448cfb729918~tplv-resize:640:0.png', 33.98, 39.98, '理想汽车');
INSERT INTO `carinfo` VALUES (1182, 'SUV', '荣威RX5', 28771, 'https://p9-dcd.byteimg.com/img/motor-img/50e4ec0931df36a7ac8c841a023e5a60~tplv-resize:640:0.png', 8.83, 13.09, '上汽集团');
INSERT INTO `carinfo` VALUES (5343, 'SUV', '问界M5', 33239, 'https://p1-dcd.byteimg.com/img/tos-cn-i-0000c0030/6077f0b6028c4876a38bed6d222c7431~tplv-resize:640:0.png', 25.98, 33.18, '赛力斯汽车');
INSERT INTO `carinfo` VALUES (100, 'SUV', '奥迪Q3', 27255, 'https://p9-dcd.byteimg.com/img/tos-cn-i-0000c0030/edf4c866ce4943d49b694d53778b4574~tplv-resize:640:0.png', 21.4, 26.5, '一汽-大众奥迪');
INSERT INTO `carinfo` VALUES (4353, 'SUV', '长安UNI-T', 26754, 'https://p1-dcd.byteimg.com/img/tos-cn-i-dcdx/167c566538034f1f947eb29ccd912b13~tplv-resize:640:0.png', 10.99, 14.39, '长安汽车');
INSERT INTO `carinfo` VALUES (1094, 'SUV', '瑞虎7', 25720, 'https://p1-dcd.byteimg.com/img/tos-cn-i-0000c0030/4a725b37692a4e24acfaf82baf2ec013~tplv-resize:640:0.png', 7.89, 14.99, '奇瑞汽车');
INSERT INTO `carinfo` VALUES (405, 'SUV', '途昂', 24814, 'https://p1-dcd.byteimg.com/img/tos-cn-i-0000c0030/61591229cae2413dab9efd22d618929a~tplv-resize:640:0.png', 27.9, 38.9, '上汽大众');
INSERT INTO `carinfo` VALUES (292, 'SUV', '冠道', 24483, 'https://p9-dcd.byteimg.com/img/motor-img/26f0c10201f02572f684ead41b64e26e~tplv-resize:640:0.png', 19.48, 30.28, '广汽本田');
INSERT INTO `carinfo` VALUES (3275, 'SUV', '哪吒U', 22371, 'https://p1-dcd.byteimg.com/img/tos-cn-i-dcdx/a1d7a3c0d7394709bc0cd788e6c348a3~tplv-resize:640:0.png', 12.38, 20.68, '合众汽车');
INSERT INTO `carinfo` VALUES (5468, 'SUV', '影酷', 22354, 'https://p1-dcd.byteimg.com/img/motor-img/fb916563d977a0dcf0ca3a200e4eda73~tplv-resize:640:0.png', 11.18, 16.18, '广汽乘用车');
INSERT INTO `carinfo` VALUES (617, 'SUV', '传祺GS8', 24640, 'https://p1-dcd.byteimg.com/img/motor-img/bef1e4e3b0a6fa8de3a3887dcaaad449~tplv-resize:640:0.png', 18.18, 26.48, '广汽乘用车');
INSERT INTO `carinfo` VALUES (1322, 'SUV', '途胜', 21915, 'https://p1-dcd.byteimg.com/img/tos-cn-i-dcdx/bf633f3ae4984a7fbf278883e308ca18~tplv-resize:640:0.png', 13.48, 19.88, '北京现代');
INSERT INTO `carinfo` VALUES (861, 'SUV', '凯迪拉克XT5', 23020, 'https://p1-dcd.byteimg.com/img/tos-cn-i-dcdx/34121f151dfa4523a4d827d0d3ea7a3e~tplv-resize:640:0.png', 27.77, 37.77, '上汽通用凯迪拉克');
INSERT INTO `carinfo` VALUES (4840, 'SUV', '皇冠陆放', 21156, 'https://p1-dcd.byteimg.com/img/motor-img/7a7143dba294bfc49ff39a154e4b9ad5~tplv-resize:640:0.png', 27.58, 35.28, '一汽丰田');
INSERT INTO `carinfo` VALUES (2880, 'SUV', '吉利ICON', 20906, 'https://p1-dcd.byteimg.com/img/motor-img/1c4d6a1078cf0ab10fec8126528059d4~tplv-resize:640:0.png', 10.59, 12.88, '吉利汽车');
INSERT INTO `carinfo` VALUES (5820, 'SUV', '问界M7', 21863, 'https://p1-dcd.byteimg.com/img/tos-cn-i-0000c0030/cdcac0e1b33e456890e5bfa6342f7dd7~tplv-resize:640:0.png', 28.98, 37.98, '赛力斯汽车');
INSERT INTO `carinfo` VALUES (5490, 'SUV', '奇骏·荣耀', 18669, 'https://p1-dcd.byteimg.com/img/motor-img/5fa52ddf48b438bd6ed25f38e52cf76c~tplv-resize:640:0.png', 15.43, 19.28, '东风日产');
INSERT INTO `carinfo` VALUES (5557, 'SUV', '皓极', 19891, 'https://p3-dcd.byteimg.com/img/motor-img/cf5073d49dacb8b6f0a78962420bd8f3~tplv-resize:640:0.png', 12.69, 14.69, '东风乘用车');
INSERT INTO `carinfo` VALUES (5050, 'SUV', '长安欧尚X7 PLUS', 19643, 'https://p1-dcd.byteimg.com/img/motor-img/1493c42d1daebbe8b3e6e7ff2b0af4fc~tplv-resize:640:0.png', 7.99, 12.69, '长安汽车');
INSERT INTO `carinfo` VALUES (5244, 'SUV', '捷途大圣', 19431, 'https://p1-dcd.byteimg.com/img/tos-cn-i-0000c0030/b58a225ec93a4224a868ded061a229b1~tplv-resize:640:0.png', 9.69, 13.29, '奇瑞汽车');
INSERT INTO `carinfo` VALUES (288, 'SUV', '缤智', 19368, 'https://p1-dcd.byteimg.com/img/tos-cn-i-0000c0030/0a3f9386eb994ce8aac113b2d44a8cbc~tplv-resize:640:0.png', 10.78, 15.68, '广汽本田');
INSERT INTO `carinfo` VALUES (5982, 'SUV', '五菱星驰', 14628, 'https://p1-dcd.byteimg.com/img/tos-cn-i-dcdx/8aeb5f1c39fe4c509540e272edfac572~tplv-resize:640:0.png', 5.68, 8.68, '上汽通用五菱');
INSERT INTO `carinfo` VALUES (5817, 'SUV', '几何E', 17198, 'https://p1-dcd.byteimg.com/img/motor-img/24b4dde062c27cd62f0a3e0cc6f9ac7a~tplv-resize:640:0.png', 7.98, 12.88, '几何汽车');
INSERT INTO `carinfo` VALUES (4986, 'SUV', '凌放HARRIER', 16850, 'https://p1-dcd.byteimg.com/img/motor-img/b797413d40370e0efc7a2dfa9b5e9cf7~tplv-resize:640:0.png', 18.88, 27.48, '一汽丰田');
INSERT INTO `carinfo` VALUES (4586, 'SUV', 'ID.4 CROZZ', 16805, 'https://p1-dcd.byteimg.com/img/motor-img/7e2fd510a9feb583b38a4ae9def165f9~tplv-resize:640:0.png', 17.39, 27.39, '一汽-大众');
INSERT INTO `carinfo` VALUES (2971, 'SUV', '凯迪拉克XT4', 16114, 'https://p1-dcd.byteimg.com/img/tos-cn-i-dcdx/8387bceeef8847cd944db5e1fff4c244~tplv-resize:640:0.png', 20.17, 29.47, '上汽通用凯迪拉克');
INSERT INTO `carinfo` VALUES (5153, 'SUV', '启辰大V', 15972, 'https://p3-dcd.byteimg.com/img/tos-cn-i-dcdx/70ada3c249cf4fd69983d811b1e04a39~tplv-resize:640:0.png', 9.98, 13.08, '东风日产启辰');
INSERT INTO `carinfo` VALUES (1199, 'SUV', '欧蓝德', 15832, 'https://p1-dcd.byteimg.com/img/tos-cn-i-0000c0030/bc2c3b4aec814100a0a20d2d91833701~tplv-resize:640:0.png', 13.98, 22.98, '广汽三菱');
INSERT INTO `carinfo` VALUES (5819, 'SUV', '蔚来ES7', 15663, 'https://p1-dcd.byteimg.com/img/tos-cn-i-dcdx/03f85ad23b75470aa2c6b8fc43fc8c11~tplv-resize:640:0.png', 46.8, 54.8, '蔚来');
INSERT INTO `carinfo` VALUES (4538, 'SUV', '宝马iX3', 15425, 'https://p9-dcd.byteimg.com/img/motor-img/6ed2508e2edf0fc8de32cb00897d2271~tplv-resize:640:0.png', 39.99, 44.5, '华晨宝马');
INSERT INTO `carinfo` VALUES (279, 'SUV', '本田XR-V', 15163, 'https://p1-dcd.byteimg.com/img/tos-cn-i-0000c0030/e92d92323f56497c9f08ca05d5b2b523~tplv-resize:640:0.png', 11.69, 13.69, '东风本田');
INSERT INTO `carinfo` VALUES (3981, 'SUV', '冒险家', 16763, 'https://p1-dcd.byteimg.com/img/motor-img/66c3d8def50bfa3147bce7f8effd1ad5~tplv-resize:640:0.png', 23.08, 33.08, '长安林肯');
INSERT INTO `carinfo` VALUES (4731, 'SUV', '零跑C11', 19300, 'https://p1-dcd.byteimg.com/img/motor-img/27cf59523211c789cdc05da4019239e4~tplv-resize:640:0.png', 14.98, 23.98, '零跑汽车');
INSERT INTO `carinfo` VALUES (1738, 'SUV', '瑞虎5x', 14477, 'https://p1-dcd.byteimg.com/img/motor-img/bf49fad02231fbc7c729f23640775a75~tplv-resize:640:0.png', 5.99, 9.49, '奇瑞汽车');
INSERT INTO `carinfo` VALUES (4284, 'SUV', '探险者', 13395, 'https://p1-dcd.byteimg.com/img/motor-img/57983506120198399d4579068bc2b6ba~tplv-resize:640:0.png', 30.98, 37.98, '长安福特');
INSERT INTO `carinfo` VALUES (5968, 'SUV', '纳米BOX', 13894, 'https://p9-dcd.byteimg.com/img/tos-cn-i-dcdx/49485a6aaae1402388ea2f897d97f5a7~tplv-resize:640:0.png', 5.47, 7.37, '东风汽车');
INSERT INTO `carinfo` VALUES (3672, 'SUV', '豪越', 13786, 'https://p1-dcd.byteimg.com/img/motor-img/06bdb2d5a56fc66b44c98181ac66b458~tplv-resize:640:0.png', 10.36, 13.56, '吉利汽车');
INSERT INTO `carinfo` VALUES (5238, 'SUV', '坦克500', 13752, 'https://p9-dcd.byteimg.com/img/motor-img/d387242f8d42256a4707233b5421c3c4~tplv-resize:640:0.png', 33.5, 39.5, '长城汽车');
INSERT INTO `carinfo` VALUES (4258, 'SUV', 'ID.4 X', 13672, 'https://p1-dcd.byteimg.com/img/motor-img/f48fa054209fa14a777a8a7b615a852f~tplv-resize:640:0.png', 16.99, 26.29, '上汽大众');
INSERT INTO `carinfo` VALUES (3077, 'SUV', '唐EV', 13666, 'https://p9-dcd.byteimg.com/img/motor-img/f58dc636881f2b9b087128ded04d42c4~tplv-resize:640:0.png', 28.28, 34.28, '比亚迪');
INSERT INTO `carinfo` VALUES (164, 'SUV', '北京BJ40', 14753, 'https://p1-dcd.byteimg.com/img/motor-img/a253df1d50d10b5094fce8ba79a278d1~tplv-resize:640:0.png', 15.48, 26.99, '北京越野');
INSERT INTO `carinfo` VALUES (2849, 'SUV', '捷途X90', 14978, 'https://p1-dcd.byteimg.com/img/tos-cn-i-0000c0030/194cda9b6db84f08bc3d14513dbb54ab~tplv-resize:640:0.png', 7.89, 16.69, '奇瑞汽车');
INSERT INTO `carinfo` VALUES (5847, 'SUV', '护卫舰 07', 6848, 'https://p1-dcd.byteimg.com/img/tos-cn-i-dcdx/25da945746f842dbac9e8ec9d481fb6e~tplv-resize:640:0.png', 20.28, 28.98, '比亚迪');
INSERT INTO `carinfo` VALUES (5339, 'SUV', '威飒', 13264, 'https://p3-dcd.byteimg.com/img/motor-img/cb03db48513e2850042549fe30a08ea3~tplv-resize:640:0.png', 19.28, 27.98, '广汽丰田');
INSERT INTO `carinfo` VALUES (3276, 'SUV', '捷达VS7', 13131, 'https://p1-dcd.byteimg.com/img/motor-img/a9fccec0fd194cfcb6c2cbfe78397a4e~tplv-resize:640:0.png', 9.59, 12.69, '一汽-大众捷达');
INSERT INTO `carinfo` VALUES (2843, 'SUV', '蔚来ES6', 14514, 'https://p1-dcd.byteimg.com/img/motor-img/6c923efdd0639f2ae5e921325cb516f2~tplv-resize:640:0.png', 38.6, 55.4, '蔚来');
INSERT INTO `carinfo` VALUES (5503, 'SUV', '哈弗H6新能源', 11944, 'https://p1-dcd.byteimg.com/img/tos-cn-i-0000c0030/8ac797eaf66b40feae8ca7f56cdeaab5~tplv-resize:640:0.png', 14.48, 17.37, '长城汽车');
INSERT INTO `carinfo` VALUES (5388, 'SUV', '领睿', 12530, 'https://p3-dcd.byteimg.com/img/motor-img/2e84d7b827ee1d79eea53e9aec7ff9de~tplv-resize:640:0.png', 13.38, 16.38, '江铃福特');
INSERT INTO `carinfo` VALUES (3437, 'SUV', '揽境', 12387, 'https://p1-dcd.byteimg.com/img/motor-img/9a4d6204f06c93465cbb29f646ecdd8e~tplv-resize:640:0.png', 26.69, 37.49, '一汽-大众');
INSERT INTO `carinfo` VALUES (4783, 'SUV', '长安UNI-K', 12358, 'https://p1-dcd.byteimg.com/img/tos-cn-i-dcdx/9de8acc8f08f4cd1a2304ab38d65fa46~tplv-resize:640:0.png', 14.19, 18.09, '长安汽车');
INSERT INTO `carinfo` VALUES (3334, 'SUV', '锐际', 13200, 'https://p1-dcd.byteimg.com/img/motor-img/2f243de217e61ab47878c94f27d33401~tplv-resize:640:0.png', 14.98, 20.18, '长安福特');
INSERT INTO `carinfo` VALUES (5089, 'SUV', '合创Z03', 11824, 'https://p1-dcd.byteimg.com/img/tos-cn-i-dcdx/966f8986005d4b1e9b62bd3bc3231f39~tplv-resize:640:0.png', 13.48, 18.28, '合创汽车');
INSERT INTO `carinfo` VALUES (281, 'SUV', '本田UR-V', 11653, 'https://p1-dcd.byteimg.com/img/motor-img/db96eefc8ca7a87b3b2950b414569eb4~tplv-resize:640:0.png', 20.18, 28.48, '东风本田');
INSERT INTO `carinfo` VALUES (5322, 'SUV', 'smart精灵#1', 11392, 'https://p1-dcd.byteimg.com/img/motor-img/d3dc084ea15c3a5ddb79094343132daa~tplv-resize:640:0.png', 19.42, 27.9, 'smart');
INSERT INTO `carinfo` VALUES (215, 'SUV', '奔驰GLA', 11333, 'https://p3-dcd.byteimg.com/img/motor-img/ea488e8d2a2b6944933531ac136e4c67~tplv-resize:640:0.png', 28.78, 34.48, '北京奔驰');
INSERT INTO `carinfo` VALUES (4388, 'SUV', '悦虎', 11300, 'https://p1-dcd.byteimg.com/img/tos-cn-i-0000c0030/4cb405311c764086a0d15d1079607651~tplv-resize:640:0.png', 7.58, 8.58, '大运汽车');
INSERT INTO `carinfo` VALUES (4961, 'SUV', 'ID.6 CROZZ', 10859, 'https://p1-dcd.byteimg.com/img/motor-img/6bed7b14097cb1b189b4c7f0fc120484~tplv-resize:640:0.png', 23.69, 31.49, '一汽-大众');
INSERT INTO `carinfo` VALUES (4080, 'SUV', '昂科旗', 11759, 'https://p1-dcd.byteimg.com/img/motor-img/bc901ffc4cc27ad809db884987ea9edc~tplv-resize:640:0.png', 25.29, 31.29, '上汽通用别克');
INSERT INTO `carinfo` VALUES (4311, 'SUV', '炫界', 10697, 'https://p1-dcd.byteimg.com/img/motor-img/2666dff05b9d5813ff3dcfff49862beb~tplv-resize:640:0.png', 5.39, 12.98, '凯翼汽车');
INSERT INTO `carinfo` VALUES (2963, 'SUV', '奥迪Q2L', 10659, 'https://p1-dcd.byteimg.com/img/motor-img/0e16b77226dca6112ea3d2b8e2e7d9d5~tplv-resize:640:0.png', 16.5, 19.4, '一汽-大众奥迪');
INSERT INTO `carinfo` VALUES (6035, 'SUV', '长安欧尚X5 PLUS', 10278, 'https://p1-dcd.byteimg.com/img/tos-cn-i-dcdx/25c33039c0be42f59061e2dbd0ce9ae5~tplv-resize:640:0.png', 9.59, 11.49, '长安汽车');
INSERT INTO `carinfo` VALUES (4792, 'SUV', '星途凌云', 12226, 'https://p1-dcd.byteimg.com/img/motor-img/17a02c5dd4194c195594ffdafb2dbe89~tplv-resize:640:0.png', 13.79, 17.09, '星途');
INSERT INTO `carinfo` VALUES (4078, 'SUV', '探影', 10048, 'https://p1-dcd.byteimg.com/img/motor-img/1f13ff8a44ab52143390f45ff0a7b8b5~tplv-resize:640:0.png', 8.29, 12.79, '一汽-大众');
INSERT INTO `carinfo` VALUES (1359, 'SUV', '探界者', 11219, 'https://p1-dcd.byteimg.com/img/motor-img/d0cade284d533a6e482e19d58e728e01~tplv-resize:640:0.png', 13.19, 20.19, '上汽通用雪佛兰');
INSERT INTO `carinfo` VALUES (1092, 'SUV', '瑞虎3x', 9820, 'https://p1-dcd.byteimg.com/img/motor-img/3778bdf0fbba0241c3938a3e4ca1d602~tplv-resize:640:0.png', 4.59, 6.59, '奇瑞汽车');
INSERT INTO `carinfo` VALUES (5251, 'SUV', '哈弗神兽', 12595, 'https://p1-dcd.byteimg.com/img/tos-cn-i-dcdx/2b24862d74c248ca999345985785ab0c~tplv-resize:640:0.png', 12, 15.8, '长城汽车');
INSERT INTO `carinfo` VALUES (5461, 'SUV', '小鹏G9', 8622, 'https://p1-dcd.byteimg.com/img/motor-img/57c7fd76817fb6148dce372c42acc18c~tplv-resize:640:0.png', 30.99, 46.99, '小鹏汽车');
INSERT INTO `carinfo` VALUES (585, 'SUV', '锐界', 11429, 'https://p1-dcd.byteimg.com/img/tos-cn-i-dcdx/a5ac2e17694d441c9359084cfeff5aa4~tplv-resize:640:0.png', 20.98, 28.98, '长安福特');
INSERT INTO `carinfo` VALUES (4426, 'SUV', 'AION V', 9341, 'https://p9-dcd.byteimg.com/img/tos-cn-i-0000c0030/a48e0d0fb3e649839124a0ae5c94328a~tplv-resize:640:0.png', 18.98, 26.98, '广汽埃安新能源');
INSERT INTO `carinfo` VALUES (1622, 'SUV', '领克01', 11478, 'https://p1-dcd.byteimg.com/img/tos-cn-i-0000c0030/6026c1de19f54a0292ae52b4174928be~tplv-resize:640:0.png', 15.99, 20.08, '领克');
INSERT INTO `carinfo` VALUES (742, 'SUV', '远景X6', 9218, 'https://p9-dcd.byteimg.com/img/motor-img/cf823f5d1476d6d0b5b102e8a9dbfe85~tplv-resize:640:0.png', 7.29, 8.69, '吉利汽车');
INSERT INTO `carinfo` VALUES (1621, 'SUV', '传祺GS3', 7719, 'https://p1-dcd.byteimg.com/img/tos-cn-i-dcdx/a3e0987f48e44deb8709e776e4131cd7~tplv-resize:640:0.png', 7.68, 11.18, '广汽乘用车');
INSERT INTO `carinfo` VALUES (1123, 'SUV', '智跑', 8817, 'https://p1-dcd.byteimg.com/img/motor-img/93ee7cb27ef156bcbacc11dc008960e1~tplv-resize:640:0.png', 12.98, 14.78, '起亚');
INSERT INTO `carinfo` VALUES (3721, 'SUV', '斯威G05', 8699, 'https://p1-dcd.byteimg.com/img/tos-cn-i-dcdx/c925af638a1c4f7fb547993f1c3de73e~tplv-resize:640:0.png', 8.69, 11.69, 'SWM斯威汽车');
INSERT INTO `carinfo` VALUES (1183, 'SUV', '荣威eRX5', 8649, 'https://p1-dcd.byteimg.com/img/motor-img/a44c93c6bed5467f15d8e06eb5201cd2~tplv-resize:640:0.png', 15.28, 17.09, '上汽集团');
INSERT INTO `carinfo` VALUES (5335, 'SUV', '拿铁DHT-PHEV', 8432, 'https://p1-dcd.byteimg.com/img/tos-cn-i-0000c0030/9716d2f286874e2d9fd3fae9963353c1~tplv-resize:640:0.png', 19.4, 22.8, '长城汽车');
INSERT INTO `carinfo` VALUES (3708, 'SUV', '宝马X2', 9319, 'https://p9-dcd.byteimg.com/img/tos-cn-i-dcdx/cf2391d88d57400ea42dbe95063823a7~tplv-resize:640:0.png', 22.2, 33.29, '华晨宝马');
INSERT INTO `carinfo` VALUES (1636, 'SUV', '丰田C-HR', 8143, 'https://p1-dcd.byteimg.com/img/motor-img/3b77850424fccc2f027f9972d3f015db~tplv-resize:640:0.png', 11.38, 16.28, '广汽丰田');
INSERT INTO `carinfo` VALUES (54, 'SUV', '斯威X3', 8105, 'https://p9-dcd.byteimg.com/img/motor-img/e378ebdc44c1db74a9ce8171e550701c~tplv-resize:640:0.png', 5.88, 5.88, 'SWM斯威汽车');
INSERT INTO `carinfo` VALUES (6037, 'SUV', '东南DX8', 8016, 'https://p1-dcd.byteimg.com/img/tos-cn-i-dcdx/657bf4d42ef346f9a5f31a55f95aa9f6~tplv-resize:640:0.png', 8.69, 8.99, '东南汽车');
INSERT INTO `carinfo` VALUES (3164, 'SUV', '凯迪拉克XT6', 7937, 'https://p3-dcd.byteimg.com/img/motor-img/6d647af5a9e836b52664a4b0e679b4ea~tplv-resize:640:0.png', 32.27, 48.57, '上汽通用凯迪拉克');
INSERT INTO `carinfo` VALUES (5122, 'SUV', '创维EV6', 7563, 'https://p1-dcd.byteimg.com/img/tos-cn-i-0000c0030/97b25724315a43ecaab93ae433fcaa03~tplv-resize:640:0.png', 16.28, 28.08, '创维汽车');
INSERT INTO `carinfo` VALUES (4313, 'SUV', '发现运动版', 7240, 'https://p1-dcd.byteimg.com/img/motor-img/4adeee45261e0cbf911b60c3978e2d86~tplv-resize:640:0.png', 23.58, 33.48, '奇瑞捷豹路虎');
INSERT INTO `carinfo` VALUES (741, 'SUV', '博越', 33061, 'https://p1-dcd.byteimg.com/img/motor-img/cc41921421596f103ce590d3997bef5b~tplv-resize:640:0.png', 8.58, 12.78, '吉利汽车');
INSERT INTO `carinfo` VALUES (6120, 'SUV', '思皓X8 PLUS', 7114, 'https://p1-dcd.byteimg.com/img/motor-img/db8e7f2ecfe07c9dc3ee5b0fb36acc30~tplv-resize:640:0.png', 9.98, 13.98, '江汽集团');
INSERT INTO `carinfo` VALUES (3355, 'SUV', '沃尔沃XC40', 7302, 'https://p1-dcd.byteimg.com/img/motor-img/6a1caf1b4b697cab56088b3ebb92180c~tplv-resize:640:0.png', 22.5, 31, '沃尔沃亚太');
INSERT INTO `carinfo` VALUES (5000, 'SUV', '帝豪S', 7727, 'https://p1-dcd.byteimg.com/img/motor-img/2143a3937603ae9759702c9b8f91f9e4~tplv-resize:640:0.png', 8.09, 10.39, '吉利汽车');
INSERT INTO `carinfo` VALUES (1324, 'SUV', '胜达', 7045, 'https://p1-dcd.byteimg.com/img/motor-img/575e60c3718d13180235956bf4c507d0~tplv-resize:640:0.png', 16.98, 23.98, '北京现代');
INSERT INTO `carinfo` VALUES (5162, 'SUV', '欧萌达', 6863, 'https://p1-dcd.byteimg.com/img/motor-img/909cce5c7758ab29135fc1593e5349ae~tplv-resize:640:0.png', 8.69, 12.09, '奇瑞汽车');
INSERT INTO `carinfo` VALUES (993, 'SUV', '揽胜极光', 6661, 'https://p1-dcd.byteimg.com/img/tos-cn-i-0000c0030/7f4dd170ac3b439fbb3a26bfff1cae6e~tplv-resize:640:0.png', 28.3, 46.52, '奇瑞捷豹路虎');
INSERT INTO `carinfo` VALUES (436, 'SUV', '风光580', 6563, 'https://p1-dcd.byteimg.com/img/motor-img/81ce7abfa259e4a8e2764f1000f284d5~tplv-resize:640:0.png', 7.99, 12.99, '东风小康');
INSERT INTO `carinfo` VALUES (4537, 'SUV', '航海家', 7276, 'https://p1-dcd.byteimg.com/img/motor-img/18dff70e2b6dce9861955d3b1a42520b~tplv-resize:640:0.png', 30.88, 45.88, '长安林肯');
INSERT INTO `carinfo` VALUES (5216, 'SUV', '长安UNI-K 智电iDD', 6538, 'https://p9-dcd.byteimg.com/img/tos-cn-i-dcdx/a6194aa6662046be9a0c573f2be97266~tplv-resize:640:0.png', 18.79, 21.59, '长安汽车');
INSERT INTO `carinfo` VALUES (5929, 'SUV', '揽巡', 6421, 'https://p1-dcd.byteimg.com/img/motor-img/1047df2d28b7fbef21af83a75d95ed1c~tplv-resize:640:0.png', 27.19, 32.29, '一汽-大众');
INSERT INTO `carinfo` VALUES (2779, 'SUV', '斯威G01', 6344, 'https://p3-dcd.byteimg.com/img/motor-img/ebaf0a6393b02410b033ae200675abdc~tplv-resize:640:0.png', 7.99, 26.98, 'SWM斯威汽车');
INSERT INTO `carinfo` VALUES (1016, 'SUV', '马自达CX-5', 6329, 'https://p1-dcd.byteimg.com/img/motor-img/2890823633ca38c1636398f0e014a376~tplv-resize:640:0.png', 14.58, 21.98, '长安马自达');
INSERT INTO `carinfo` VALUES (2827, 'SUV', '奕泽IZOA', 6277, 'https://p1-dcd.byteimg.com/img/motor-img/032f79481ca76533e7a56d98770ad4e3~tplv-resize:640:0.png', 12.58, 16.58, '一汽丰田');
INSERT INTO `carinfo` VALUES (3330, 'SUV', '昂科拉GX', 5889, 'https://p1-dcd.byteimg.com/img/motor-img/3866263980c14633b88ae5f9d4823c56~tplv-resize:640:0.png', 10.13, 13.13, '上汽通用别克');
INSERT INTO `carinfo` VALUES (2819, 'SUV', '小鹏G3', 5847, 'https://p1-dcd.byteimg.com/img/motor-img/5fe645aae83133a591bb27313ec66986~tplv-resize:640:0.png', 14.89, 17.69, '小鹏汽车');
INSERT INTO `carinfo` VALUES (1121, 'SUV', '傲跑', 5594, 'https://p1-dcd.byteimg.com/img/motor-img/3372af9aa7c3ea4724e0b8809add1ff0~tplv-resize:640:0.png', 9.38, 12.18, '起亚');
INSERT INTO `carinfo` VALUES (3059, 'SUV', '理想ONE', 5570, 'https://p1-dcd.byteimg.com/img/motor-img/23f1cc67aa1ff84f6fd97bd52a0d1892~tplv-resize:640:0.png', 34.98, 34.98, '理想汽车');
INSERT INTO `carinfo` VALUES (4654, 'SUV', '风行T5 EVO', 8056, 'https://p1-dcd.byteimg.com/img/motor-img/285bf05d8d2232ccbadc657a2246b81b~tplv-resize:640:0.png', 10.39, 13.69, '东风风行');
INSERT INTO `carinfo` VALUES (5857, 'SUV', '长安欧尚Z6 智电iDD', 4985, 'https://p1-dcd.byteimg.com/img/tos-cn-i-0000c0030/b92b0219c2e149bd9fe79f92ed3d3a55~tplv-resize:640:0.png', 15.58, 17.58, '长安汽车');
INSERT INTO `carinfo` VALUES (3066, 'SUV', '途铠', 4980, 'https://p1-dcd.byteimg.com/img/tos-cn-i-0000c0030/b068a115a3e0406cb0b000457e271d2c~tplv-resize:640:0.png', 9.59, 14.09, '上汽大众');
INSERT INTO `carinfo` VALUES (340, 'SUV', '标致4008', 5767, 'https://p1-dcd.byteimg.com/img/motor-img/736419b6347a430fa6ef5941234c9513~tplv-resize:640:0.png', 16.07, 21.07, '东风标致');
INSERT INTO `carinfo` VALUES (4334, 'SUV', '奥迪Q4 e-tron', 4940, 'https://p9-dcd.byteimg.com/img/motor-img/f58bacbe8718f00f2e13d249d1e0da05~tplv-resize:640:0.png', 26.99, 34.71, '一汽-大众奥迪');
INSERT INTO `carinfo` VALUES (4180, 'SUV', '柯米克GT', 5406, 'https://p1-dcd.byteimg.com/img/tos-cn-i-0000c0030/061de47f96c744eaae35631c8c1f16fa~tplv-resize:640:0.png', 10.69, 10.79, '上汽大众斯柯达');
INSERT INTO `carinfo` VALUES (5081, 'SUV', '领克09', 4853, 'https://p1-dcd.byteimg.com/img/motor-img/1a06bf130547fd74fa56c6a455d8dd7d~tplv-resize:640:0.png', 26.59, 32.09, '领克');
INSERT INTO `carinfo` VALUES (5250, 'SUV', 'MG ONE', 4820, 'https://p1-dcd.byteimg.com/img/motor-img/3199d85692fcb461ddee66109d2c62e6~tplv-resize:640:0.png', 8.98, 11.98, '上汽集团');
INSERT INTO `carinfo` VALUES (4743, 'SUV', '思皓X8', 6659, 'https://p1-dcd.byteimg.com/img/motor-img/a725c09d2d0c94f793cdcb18eb6027bd~tplv-resize:640:0.png', 8.28, 17.28, '江汽集团');
INSERT INTO `carinfo` VALUES (5387, 'SUV', '本田e:NS1', 4801, 'https://p1-dcd.byteimg.com/img/tos-cn-i-dcdx/0a57ed27aacd44b481e78ac2404d68e1~tplv-resize:640:0.png', 14.5, 18.8, '东风本田');
INSERT INTO `carinfo` VALUES (4425, 'SUV', '探岳X', 4734, 'https://p1-dcd.byteimg.com/img/motor-img/2354614b33fc510dcae00876a4a23d77~tplv-resize:640:0.png', 19.78, 25.78, '一汽-大众');
INSERT INTO `carinfo` VALUES (4760, 'SUV', '岚图FREE', 4665, 'https://p9-dcd.byteimg.com/img/tos-cn-i-dcdx/c0af4659b60a49348bcf33568c3f5049~tplv-resize:640:0.png', 28.36, 38.99, '岚图汽车');
INSERT INTO `carinfo` VALUES (5283, 'SUV', '领克09 EM-P', 5045, 'https://p1-dcd.byteimg.com/img/tos-cn-i-0000c0030/32a5cf1242c643abaf048017680e3670~tplv-resize:640:0.png', 31.99, 37.49, '领克');
INSERT INTO `carinfo` VALUES (4380, 'SUV', '几何C', 4600, 'https://p1-dcd.byteimg.com/img/motor-img/14800010db265dbb4e54b322efe6b9fb~tplv-resize:640:0.png', 12.68, 20.78, '几何汽车');
INSERT INTO `carinfo` VALUES (2890, 'SUV', '奕跑', 4582, 'https://p1-dcd.byteimg.com/img/motor-img/3634d1e1b33e9b6c6c8163d55fcca20c~tplv-resize:640:0.png', 6.68, 8.08, '起亚');
INSERT INTO `carinfo` VALUES (653, 'SUV', '哈弗H9', 4533, 'https://p1-dcd.byteimg.com/img/motor-img/f4d73dc8d64af9db71aa8ab11543b329~tplv-resize:640:0.png', 20.98, 27.48, '长城汽车');
INSERT INTO `carinfo` VALUES (4703, 'SUV', '风光500', 4755, 'https://p3-dcd.byteimg.com/img/motor-img/e70c2c39ab8b0a1e6e4d38c67e96c92f~tplv-resize:640:0.png', 6.18, 8.58, '东风小康');
INSERT INTO `carinfo` VALUES (2820, 'SUV', '风行T5', 4444, 'https://p9-dcd.byteimg.com/img/motor-img/f064dda2650019f6c0ba1e1f1a96135c~tplv-resize:640:0.png', 6.49, 12.79, '东风风行');
INSERT INTO `carinfo` VALUES (5912, 'SUV', 'ZR-V 致在', 4412, 'https://p1-dcd.byteimg.com/img/tos-cn-i-dcdx/892330c9c7844d48a5ab6846ba8d69fe~tplv-resize:640:0.png', 14.99, 22.89, '广汽本田');
INSERT INTO `carinfo` VALUES (4921, 'SUV', '哈弗赤兔', 5182, 'https://p1-dcd.byteimg.com/img/motor-img/e7839b650abba0c7b787aa48aa248b4f~tplv-resize:640:0.png', 9.18, 13.08, '长城汽车');
INSERT INTO `carinfo` VALUES (1357, 'SUV', '创酷', 4246, 'https://p1-dcd.byteimg.com/img/motor-img/7f32d8c6bf3899a4d61b5059c5717c70~tplv-resize:640:0.png', 10.69, 12.59, '上汽通用雪佛兰');
INSERT INTO `carinfo` VALUES (5911, 'SUV', '睿蓝汽车X3 PRO', 4164, 'https://p1-dcd.byteimg.com/img/motor-img/a0210b7fa8cd2b52ce825c8a52b4d283~tplv-resize:640:0.png', 4.39, 6.19, '睿蓝汽车');
INSERT INTO `carinfo` VALUES (5980, 'SUV', '昂扬', 4155, 'https://p1-dcd.byteimg.com/img/motor-img/24f8a93be3666df1357b75048b8c5eeb~tplv-resize:640:0.png', 13.29, 15.89, '上汽通用别克');
INSERT INTO `carinfo` VALUES (338, 'SUV', '标致2008', 4053, 'https://p1-dcd.byteimg.com/img/motor-img/6b4e64ab6004f080dee3bd0eb61b322a~tplv-resize:640:0.png', 9.97, 9.97, '东风标致');
INSERT INTO `carinfo` VALUES (4894, 'SUV', 'ID.6 X', 5056, 'https://p1-dcd.byteimg.com/img/motor-img/bc5400d7759589d05ac39a0f52362327~tplv-resize:640:0.png', 22.49, 30.09, '上汽大众');
INSERT INTO `carinfo` VALUES (4990, 'SUV', '奥迪Q3 Sportback', 3975, 'https://p1-dcd.byteimg.com/img/motor-img/5f72e9c82e444486cbbfbec92176c0ab~tplv-resize:640:0.png', 23.7, 30.1, '一汽-大众奥迪');
INSERT INTO `carinfo` VALUES (4730, 'SUV', '本田CR-V PHEV', 3988, 'https://p1-dcd.byteimg.com/img/motor-img/985cc38543d7f8e9dfb1f2a6acb3ff6e~tplv-resize:640:0.png', 19.38, 21.98, '东风本田');
INSERT INTO `carinfo` VALUES (5443, 'SUV', '魔方', 3968, 'https://p1-dcd.byteimg.com/img/motor-img/6484b5e44861629ef049ac3c1ce3635b~tplv-resize:640:0.png', 9.49, 14.89, '北京汽车');
INSERT INTO `carinfo` VALUES (1616, 'SUV', '蔚来ES8', 5122, 'https://p1-dcd.byteimg.com/img/tos-cn-i-dcdx/3ca48627ea6c44d197c8002339e9107a~tplv-resize:640:0.png', 49.6, 65.6, '蔚来');
INSERT INTO `carinfo` VALUES (4989, 'SUV', '奥迪Q5L Sportback', 3956, 'https://p1-dcd.byteimg.com/img/motor-img/2cc4f8515f1b80e13dab5fa1e84196f9~tplv-resize:640:0.png', 35.2, 49.99, '一汽-大众奥迪');
INSERT INTO `carinfo` VALUES (4585, 'SUV', '东风本田M-NV', 3946, 'https://p1-dcd.byteimg.com/img/motor-img/b20ad2749ca184a995d7d9b88d20b147~tplv-resize:640:0.png', 10.98, 11.98, '东风本田');
INSERT INTO `carinfo` VALUES (4890, 'SUV', '福特电马', 4143, 'https://p1-dcd.byteimg.com/img/tos-cn-i-dcdx/bca77bab26da49cd9d6369d983b25ffc~tplv-resize:640:0.png', 24.99, 36.99, '福特新能源');
INSERT INTO `carinfo` VALUES (4980, 'SUV', '飞凡R7', 3853, 'https://p9-dcd.byteimg.com/img/tos-cn-i-dcdx/a8269d1541774590a0f743e5b9e51328~tplv-resize:640:0.png', 27.99, 38.99, '飞凡汽车');
INSERT INTO `carinfo` VALUES (4381, 'SUV', '马自达CX-30', 3841, 'https://p1-dcd.byteimg.com/img/motor-img/f52705ca1c53816aaa856c1a1ae056df~tplv-resize:640:0.png', 11.99, 18.99, '长安马自达');
INSERT INTO `carinfo` VALUES (6081, 'SUV', '几何M6', 3815, 'https://p1-dcd.byteimg.com/img/motor-img/83c8ee7c79a3f33e111a6de8c54e21bc~tplv-resize:640:0.png', 14.68, 18.68, '几何汽车');
INSERT INTO `carinfo` VALUES (5013, 'SUV', '哈弗酷狗', 3584, 'https://p1-dcd.byteimg.com/img/tos-cn-i-0000c0030/38dce04ae5cd45199a9ed957f07f35b0~tplv-resize:640:0.png', 11.38, 13.98, '长城汽车');
INSERT INTO `carinfo` VALUES (6124, 'SUV', '哈弗二代大狗PHEV', 3562, 'https://p1-dcd.byteimg.com/img/tos-cn-i-dcdx/d11ce6a2cca84e77aa13a17c6b3e461e~tplv-resize:640:0.png', 16.27, 17.57, '长城汽车');
INSERT INTO `carinfo` VALUES (5953, 'SUV', '星途瑶光', 3540, 'https://p1-dcd.byteimg.com/img/tos-cn-i-dcdx/fe5ba41003f242d994ad0722c4a9e34a~tplv-resize:640:0.png', 15.28, 20.28, '星途');
INSERT INTO `carinfo` VALUES (4422, 'SUV', '北京X7', 3536, 'https://p1-dcd.byteimg.com/img/motor-img/a567e086b8aa2412bdab4dac104a0208~tplv-resize:640:0.png', 9.49, 13.99, '北京汽车');
INSERT INTO `carinfo` VALUES (4146, 'SUV', '红旗E-HS9', 3499, 'https://p9-dcd.byteimg.com/img/motor-img/fb5c6d20cd6044b28f6eec55dcd6c61c~tplv-resize:640:0.png', 50.98, 77.98, '一汽红旗');
INSERT INTO `carinfo` VALUES (1460, 'SUV', '长安CS15', 3358, 'https://p1-dcd.byteimg.com/img/motor-img/3286bf0263e5734ce7ccc0c763630315~tplv-resize:640:0.png', 5.99, 7.49, '长安汽车');
INSERT INTO `carinfo` VALUES (1712, 'SUV', '风光S560', 3453, 'https://p1-dcd.byteimg.com/img/motor-img/ff3d4636305ad260c3cb9258efcca985~tplv-resize:640:0.png', 6.79, 7.89, '东风小康');
INSERT INTO `carinfo` VALUES (4759, 'SUV', '领裕', 3444, 'https://p3-dcd.byteimg.com/img/tos-cn-i-dcdx/af5d7d24a04348fa954883a25310b018~tplv-resize:640:0.png', 15.48, 22.18, '江铃福特');
INSERT INTO `carinfo` VALUES (5308, 'SUV', '阿维塔 11', 3442, 'https://p1-dcd.byteimg.com/img/motor-img/5bda964d202365c9e2d3a2b387f72421~tplv-resize:640:0.png', 34.99, 60, '阿维塔科技');
INSERT INTO `carinfo` VALUES (2151, 'SUV', '红旗HS7', 3343, 'https://p9-dcd.byteimg.com/img/motor-img/138cba8fc3e8be0548baebd05a985d1f~tplv-resize:640:0.png', 27.58, 45.98, '一汽红旗');
INSERT INTO `carinfo` VALUES (4357, 'SUV', '蔚来EC6', 3568, 'https://p1-dcd.byteimg.com/img/motor-img/7ee326810d8b5c4cd7ec4b12c72161e4~tplv-resize:640:0.png', 39.6, 55.4, '蔚来');
INSERT INTO `carinfo` VALUES (3131, 'SUV', '探岳GTE', 3106, 'https://p1-dcd.byteimg.com/img/motor-img/aac0f155b2015c4933cda7ea9afec655~tplv-resize:640:0.png', 20.49, 21.49, '一汽-大众');
INSERT INTO `carinfo` VALUES (5392, 'SUV', 'e:NP1 极湃1', 3102, 'https://p1-dcd.byteimg.com/img/tos-cn-i-dcdx/8f1fca2269d94ce289be76e6a2da2dd8~tplv-resize:640:0.png', 14.5, 18.8, '广汽本田');
INSERT INTO `carinfo` VALUES (2867, 'SUV', '奔腾T77', 3073, 'https://p1-dcd.byteimg.com/img/tos-cn-i-dcdx/208b41b8440a4604b8b663b5a81cfae1~tplv-resize:640:0.png', 9.58, 13.18, '一汽奔腾');
INSERT INTO `carinfo` VALUES (5897, 'SUV', '星迈罗', 3060, 'https://p3-dcd.byteimg.com/img/tos-cn-i-dcdx/8872eb50f9e04be1b5b3314e99ffbca7~tplv-resize:640:0.png', 12.49, 14.99, '上汽通用雪佛兰');
INSERT INTO `carinfo` VALUES (5358, 'SUV', 'LYRIQ锐歌', 3051, 'https://p1-dcd.byteimg.com/img/tos-cn-i-dcdx/5b605a25ad8a418bb3cdadd026658e20~tplv-resize:640:0.png', 43.96, 47.96, '上汽通用凯迪拉克');
INSERT INTO `carinfo` VALUES (5570, 'SUV', '广汽丰田bZ4X', 2891, 'https://p1-dcd.byteimg.com/img/motor-img/0534600885eae10c8086cc8cee5d19fb~tplv-resize:640:0.png', 15.98, 24.78, '广汽丰田');
INSERT INTO `carinfo` VALUES (1579, 'SUV', '劲客', 2791, 'https://p1-dcd.byteimg.com/img/motor-img/504fb3220f62bbc899bbe7bdbdb15d0a~tplv-resize:640:0.png', 10.88, 12.68, '东风日产');
INSERT INTO `carinfo` VALUES (2993, 'SUV', '长安CS85 COUPE', 2791, 'https://p1-dcd.byteimg.com/img/tos-cn-i-0000c0030/56d17eb603644c9585d5f64dbd49c3a5~tplv-resize:640:0.png', 11.49, 15.99, '长安汽车');
INSERT INTO `carinfo` VALUES (4339, 'SUV', '飞行家', 2726, 'https://p1-dcd.byteimg.com/img/motor-img/ad53b550ad2645d145836079677486ca~tplv-resize:640:0.png', 49.38, 74.38, '长安林肯');
INSERT INTO `carinfo` VALUES (5367, 'SUV', '炫界Pro EV', 2966, 'https://p3-dcd.byteimg.com/img/motor-img/297b50a8f659602e2fd62223e67c0c2a~tplv-resize:640:0.png', 15.66, 17.66, '凯翼汽车');
INSERT INTO `carinfo` VALUES (2883, 'SUV', '领克01 PHEV', 2664, 'https://p3-dcd.byteimg.com/img/motor-img/1b7a153b55bfaf41e0a0cf1f0e7b9995~tplv-resize:640:0.png', 19.28, 22.78, '领克');
INSERT INTO `carinfo` VALUES (4125, 'SUV', '东风新能源EX1', 14796, 'https://p1-dcd.byteimg.com/img/motor-img/47eb34ef88ec9cb072f2eb11e9164fa2~tplv-resize:640:0.png', 4.97, 5.27, '东风汽车');
INSERT INTO `carinfo` VALUES (3001, 'SUV', '途观L PHEV', 2631, 'https://p1-dcd.byteimg.com/img/motor-img/78839f72969927901241f358c5115d2c~tplv-resize:640:0.png', 24.61, 25.7, '上汽大众');
INSERT INTO `carinfo` VALUES (5860, 'SUV', '一汽丰田bZ4X', 2502, 'https://p1-dcd.byteimg.com/img/motor-img/189c3b232b99c56e0bfb8f4a5acc800b~tplv-resize:640:0.png', 16.98, 25.48, '一汽丰田');
INSERT INTO `carinfo` VALUES (1152, 'SUV', '楼兰', 2307, 'https://p1-dcd.byteimg.com/img/motor-img/a7b41540391dd4b8ce4a203c015b208e~tplv-resize:640:0.png', 19.88, 24.38, '东风日产');
INSERT INTO `carinfo` VALUES (5067, 'SUV', 'EVOS', 2303, 'https://p1-dcd.byteimg.com/img/motor-img/62f1f5c9892cfbf4cf1c75e071638aa7~tplv-resize:640:0.png', 19.98, 25.98, '长安福特');
INSERT INTO `carinfo` VALUES (2702, 'SUV', '途达', 2275, 'https://p1-dcd.byteimg.com/img/motor-img/4fb69a37d8e0b84f5ba9d634e58c00f5~tplv-resize:640:0.png', 15.88, 23.73, '郑州日产');
INSERT INTO `carinfo` VALUES (4794, 'SUV', '奔腾T55', 2273, 'https://p1-dcd.byteimg.com/img/motor-img/5eb9a1106aaeba38383586d41c10fd06~tplv-resize:640:0.png', 8.19, 10.09, '一汽奔腾');
INSERT INTO `carinfo` VALUES (1642, 'SUV', '天逸 C5 AIRCROSS', 2243, 'https://p1-dcd.byteimg.com/img/motor-img/3e3cb558b16d78b64681cedae5076d83~tplv-resize:640:0.png', 15.27, 16.97, '东风雪铁龙');
INSERT INTO `carinfo` VALUES (5958, 'SUV', 'VGV U70Pro', 2224, 'https://p1-dcd.byteimg.com/img/motor-img/af8c0e8b23fb48590ebd0f47bf0bc234~tplv-resize:640:0.png', 7.78, 11.58, '中国重汽VGV');
INSERT INTO `carinfo` VALUES (1792, 'SUV', '沃尔沃XC60 RECHARGE', 2186, 'https://p1-dcd.byteimg.com/img/motor-img/fc3ab417cc4308639925ee54f86c7419~tplv-resize:640:0.png', 39.59, 46.89, '沃尔沃亚太');
INSERT INTO `carinfo` VALUES (1245, 'SUV', '柯迪亚克', 2169, 'https://p1-dcd.byteimg.com/img/tos-cn-i-0000c0030/bda98687aba34143aa9b019def40de0a~tplv-resize:640:0.png', 16.39, 21.59, '上汽大众斯柯达');
INSERT INTO `carinfo` VALUES (341, 'SUV', '标致5008', 2090, 'https://p9-dcd.byteimg.com/img/tos-cn-i-0000c0030/e05f98e732a14eff92f13d9d30634524~tplv-resize:640:0.png', 17.87, 23.37, '东风标致');
INSERT INTO `carinfo` VALUES (1661, 'SUV', '柯珞克', 2078, 'https://p9-dcd.byteimg.com/img/motor-img/f2176b645be4a6b2cb11efbd76de5b0f~tplv-resize:640:0.png', 12.49, 13.39, '上汽大众斯柯达');
INSERT INTO `carinfo` VALUES (5831, 'SUV', '思皓X6', 6944, 'https://p1-dcd.byteimg.com/img/motor-img/eac5caef570d6b23d1b27da34aa0ecb2~tplv-resize:640:0.png', 7.99, 11.49, '江汽集团');
INSERT INTO `carinfo` VALUES (1463, 'SUV', '长安CS95', 1886, 'https://p1-dcd.byteimg.com/img/tos-cn-i-dcdx/c8c2f3936912439c9a470b5aaa1ee7e1~tplv-resize:640:0.png', 16.79, 19.19, '长安汽车');
INSERT INTO `carinfo` VALUES (6086, 'SUV', '星越L 增程电动版', 1276, 'https://p1-dcd.byteimg.com/img/tos-cn-i-0000c0030/772580b66953499fb0bc1afe4b3ff3fa~tplv-resize:640:0.png', 22.97, 24.37, '吉利汽车');
INSERT INTO `carinfo` VALUES (4839, 'SUV', '皓影 PHEV', 1827, 'https://p1-dcd.byteimg.com/img/motor-img/7bd695b9586ec836968b832d3b2065a0~tplv-resize:640:0.png', 21.38, 23.98, '广汽本田');
INSERT INTO `carinfo` VALUES (110, 'SUV', '宝骏510', 2503, 'https://p9-dcd.byteimg.com/img/motor-img/43d490ad2d629d69d6752e03cbe810ab~tplv-resize:640:0.png', 5.18, 7.88, '上汽通用五菱');
INSERT INTO `carinfo` VALUES (3390, 'SUV', '北京X3', 2658, 'https://p1-dcd.byteimg.com/img/motor-img/27ad63e66aeee5588426a0ff56451c29~tplv-resize:640:0.png', 5.79, 8.59, '北京汽车');
INSERT INTO `carinfo` VALUES (351, 'SUV', '昂科拉', 1698, 'https://p1-dcd.byteimg.com/img/motor-img/43b74400761d97d30c2759988f88d857~tplv-resize:640:0.png', 8.18, 10.09, '上汽通用别克');
INSERT INTO `carinfo` VALUES (4738, 'SUV', '沃尔沃XC40 RECHARGE', 1640, 'https://p1-dcd.byteimg.com/img/motor-img/31d2b6da640b935204b7bfc42e4206a2~tplv-resize:640:0.png', 27.99, 31.9, '沃尔沃亚太');
INSERT INTO `carinfo` VALUES (2765, 'SUV', '领克02', 4339, 'https://p1-dcd.byteimg.com/img/motor-img/2509e6110052489d6a45bdf28f3e5ad7~tplv-resize:640:0.png', 13.28, 15.88, '领克');
INSERT INTO `carinfo` VALUES (1619, 'SUV', '荣威RX3', 1588, 'https://p1-dcd.byteimg.com/img/motor-img/7a72b35f6c07573796372a87430d08fa~tplv-resize:640:0.png', 6.78, 8.88, '上汽集团');
INSERT INTO `carinfo` VALUES (4276, 'SUV', '启辰星', 1588, 'https://p1-dcd.byteimg.com/img/motor-img/e97f1f949c91722817c5d890320b1669~tplv-resize:640:0.png', 12.16, 14.56, '东风日产启辰');
INSERT INTO `carinfo` VALUES (5561, 'SUV', '北京BJ60', 1584, 'https://p9-dcd.byteimg.com/img/motor-img/a1d19a6232689b9e0f3e59ac314a91c7~tplv-resize:640:0.png', 23.98, 28.58, '北京越野');
INSERT INTO `carinfo` VALUES (6070, 'SUV', '狮铂拓界', 1448, 'https://p1-dcd.byteimg.com/img/tos-cn-i-0000c0030/b4b277ad6f024ec785afafe54b6ee5a1~tplv-resize:640:0.png', 14.78, 20.58, '起亚');
INSERT INTO `carinfo` VALUES (4869, 'SUV', '智己LS7', 1427, 'https://p1-dcd.byteimg.com/img/tos-cn-i-dcdx/fb1086e6a8fd4245a3762f16fd7bfa65~tplv-resize:640:0.png', 30.98, 45.98, '智己汽车');
INSERT INTO `carinfo` VALUES (4960, 'SUV', '天际ME5', 1415, 'https://p1-dcd.byteimg.com/img/motor-img/04589c1637429c11279347ed0ebb914b~tplv-resize:640:0.png', 13.88, 16.99, '天际汽车');
INSERT INTO `carinfo` VALUES (5895, 'SUV', 'ARIYA 艾睿雅', 1336, 'https://p3-dcd.byteimg.com/img/tos-cn-i-0000c0030/48d6c6c0d6a449009fa84615df0954b8~tplv-resize:640:0.png', 22.48, 28.28, '东风日产');
INSERT INTO `carinfo` VALUES (4340, 'SUV', '领克06 PHEV', 2017, 'https://p1-dcd.byteimg.com/img/tos-cn-i-0000c0030/f014d247441c4bf2b501548c2895fcb0~tplv-resize:640:0.png', 15.18, 17.18, '领克');
INSERT INTO `carinfo` VALUES (4867, 'SUV', '摩卡DHT-PHEV', 1291, 'https://p1-dcd.byteimg.com/img/motor-img/ff61973278bf047d9efb54853cb99676~tplv-resize:640:0.png', 25.5, 27.5, '长城汽车');
INSERT INTO `carinfo` VALUES (2970, 'SUV', '启辰T60', 1279, 'https://p1-dcd.byteimg.com/img/motor-img/9e393843ac2d25e558685dcb68894719~tplv-resize:640:0.png', 8.28, 10.88, '东风日产启辰');
INSERT INTO `carinfo` VALUES (5871, 'SUV', '创维HT-i', 1205, 'https://p1-dcd.byteimg.com/img/motor-img/7f6a5a194cb36018cb6e25a5f1a0b9e9~tplv-resize:640:0.png', 14.68, 24.28, '创维汽车');
INSERT INTO `carinfo` VALUES (2258, 'SUV', '博骏', 2312, 'https://p1-dcd.byteimg.com/img/motor-img/f17ea83b6e507cee19b125beda38af1a~tplv-resize:640:0.png', 4.99, 12.99, '野马汽车');
INSERT INTO `carinfo` VALUES (2982, 'SUV', '领界', 1128, 'https://p1-dcd.byteimg.com/img/motor-img/0fe20c206f939c5f163ea779cb222287~tplv-resize:640:0.png', 10.18, 15.68, '江铃福特');
INSERT INTO `carinfo` VALUES (2828, 'SUV', '海马8S', 1146, 'https://p1-dcd.byteimg.com/img/motor-img/8e4dd00202765ac67a4ec8eb3c50c73f~tplv-resize:640:0.png', 7.99, 13.69, '海马汽车');
INSERT INTO `carinfo` VALUES (5364, 'SUV', '奥迪Q6', 1066, 'https://p1-dcd.byteimg.com/img/motor-img/f2c6590230ea9e5dafc638dfb7091ab0~tplv-resize:640:0.png', 46.76, 63.06, '上汽奥迪');
INSERT INTO `carinfo` VALUES (5002, 'SUV', '奥迪Q5 e-tron', 1022, 'https://p1-dcd.byteimg.com/img/motor-img/6a288e43d3e85af91ecebda0776126cb~tplv-resize:640:0.png', 35.65, 47.95, '上汽奥迪');
INSERT INTO `carinfo` VALUES (3503, 'SUV', 'AION LX', 1018, 'https://p1-dcd.byteimg.com/img/tos-cn-i-0000c0030/a6e6d8f8a40e42a984dfb82e834cfa58~tplv-resize:640:0.png', 28.66, 46.96, '广汽埃安新能源');
INSERT INTO `carinfo` VALUES (1423, 'SUV', '英菲尼迪QX50', 1139, 'https://p1-dcd.byteimg.com/img/motor-img/6538990a28bbef23dac96e53c83ddce2~tplv-resize:640:0.png', 33.38, 46.98, '东风英菲尼迪');
INSERT INTO `carinfo` VALUES (4196, 'SUV', '开拓者', 940, 'https://p9-dcd.byteimg.com/img/motor-img/87022b02e646f4a4204f2cb8f323d5ca~tplv-resize:640:0.png', 17.49, 27.89, '上汽通用雪佛兰');
INSERT INTO `carinfo` VALUES (6056, 'SUV', '凯翼昆仑', 915, 'https://p9-dcd.byteimg.com/img/tos-cn-i-dcdx/a385d82599504854a61d9db1639a5daf~tplv-resize:640:0.png', 0, 0, '凯翼汽车');
INSERT INTO `carinfo` VALUES (6003, 'SUV', '睿蓝9', 893, 'https://p1-dcd.byteimg.com/img/tos-cn-i-dcdx/7575b7c9d59f478391ec644c2ae07201~tplv-resize:640:0.png', 16.99, 19.99, '睿蓝汽车');
INSERT INTO `carinfo` VALUES (4162, 'SUV', '宝骏RS-3', 849, 'https://p1-dcd.byteimg.com/img/motor-img/622fc21b1047c88b0626332cb021f7b6~tplv-resize:640:0.png', 6.98, 9.68, '上汽通用五菱');
INSERT INTO `carinfo` VALUES (572, 'SUV', '撼路者', 811, 'https://p3-dcd.byteimg.com/img/motor-img/b4919cc5ceb667da3f85cb603bde169d~tplv-resize:640:0.png', 27.58, 37.48, '江铃福特');
INSERT INTO `carinfo` VALUES (5188, 'SUV', 'VGV U75PLUS', 798, 'https://p3-dcd.byteimg.com/img/motor-img/c30c48c306250df3a43cadc2f2de9613~tplv-resize:640:0.png', 13.79, 15.19, '中国重汽VGV');
INSERT INTO `carinfo` VALUES (5210, 'SUV', '传祺GS4 PLUS', 3407, 'https://p1-dcd.byteimg.com/img/motor-img/bd08fe56323aad347afddd84908e5dfa~tplv-resize:640:0.png', 12.18, 14.78, '广汽乘用车');
INSERT INTO `carinfo` VALUES (3398, 'SUV', '威马W6', 2473, 'https://p1-dcd.byteimg.com/img/motor-img/e4399ede36e1a5443d96e2dd7188cab8~tplv-resize:640:0.png', 22.08, 28.48, '威马汽车');
INSERT INTO `carinfo` VALUES (1124, 'SUV', '起亚KX5', 767, 'https://p1-dcd.byteimg.com/img/motor-img/7a7ea3a5bd5dbd8a2720a0b76c487c94~tplv-resize:640:0.png', 14.78, 17.68, '起亚');
INSERT INTO `carinfo` VALUES (3983, 'SUV', '冒险家PHEV', 766, 'https://p3-dcd.byteimg.com/img/motor-img/d00c235ab7cd0b3c5c6b0f0f89c4b00f~tplv-resize:640:0.png', 29.48, 33.08, '长安林肯');
INSERT INTO `carinfo` VALUES (3463, 'SUV', '领克05', 3274, 'https://p1-dcd.byteimg.com/img/motor-img/f706964d43ae4d940c6d38f051553eb8~tplv-resize:640:0.png', 16.88, 26.18, '领克');
INSERT INTO `carinfo` VALUES (4385, 'SUV', '极狐 阿尔法T', 2316, 'https://p1-dcd.byteimg.com/img/motor-img/929f0f031ceb8130238fac5cc5db9f70~tplv-resize:640:0.png', 21.88, 32.53, '北汽新能源');
INSERT INTO `carinfo` VALUES (3453, 'SUV', '启辰T60 EV', 735, 'https://p1-dcd.byteimg.com/img/motor-img/8580d3841feffe043c2ca57c2cf034c7~tplv-resize:640:0.png', 18.98, 18.98, '东风日产启辰');
INSERT INTO `carinfo` VALUES (3932, 'SUV', '奔驰EQB', 730, 'https://p1-dcd.byteimg.com/img/motor-img/a4f302cd33c3df9cc8cd03a164467797~tplv-resize:640:0.png', 35.18, 42.37, '北京奔驰');
INSERT INTO `carinfo` VALUES (1151, 'SUV', '奇骏', 6123, 'https://p1-dcd.byteimg.com/img/motor-img/9e98656a7bf24ad886d6f9d3584eda9b~tplv-resize:640:0.png', 15.99, 24.29, '东风日产');
INSERT INTO `carinfo` VALUES (3083, 'SUV', '星途追风', 689, 'https://p1-dcd.byteimg.com/img/tos-cn-i-0000c0030/25bcbb595c3148a2b9afff8aa9655687~tplv-resize:640:0.png', 9.99, 14.99, '星途');
INSERT INTO `carinfo` VALUES (4329, 'SUV', 'RAV4荣放双擎E+', 692, 'https://p1-dcd.byteimg.com/img/motor-img/4fcf011be1ed190903989d9a4c87225d~tplv-resize:640:0.png', 23.68, 28.48, '一汽丰田');
INSERT INTO `carinfo` VALUES (4924, 'SUV', '沃尔沃C40 RECHARGE', 637, 'https://p1-dcd.byteimg.com/img/motor-img/a33abe2401429de388c10fa422965b66~tplv-resize:640:0.png', 28.9, 33.9, '沃尔沃亚太');
INSERT INTO `carinfo` VALUES (5314, 'SUV', '揽胜极光PHEV', 631, 'https://p1-dcd.byteimg.com/img/tos-cn-i-dcdx/087a04a9525d4c4a855f1a4352dd6d6e~tplv-resize:640:0.png', 29.48, 41.58, '奇瑞捷豹路虎');
INSERT INTO `carinfo` VALUES (1729, 'SUV', '奔驰EQA', 1135, 'https://p1-dcd.byteimg.com/img/tos-cn-i-0000c0030/108a9066ea5645b1a2ad5975cf383059~tplv-resize:640:0.png', 32.18, 32.18, '北京奔驰');
INSERT INTO `carinfo` VALUES (5149, 'SUV', '奔腾B70S', 605, 'https://p1-dcd.byteimg.com/img/motor-img/6c5efbe832eebd5cac8292af76a42d83~tplv-resize:640:0.png', 10.99, 14.29, '一汽奔腾');
INSERT INTO `carinfo` VALUES (2248, 'SUV', '荣威RX8', 629, 'https://p1-dcd.byteimg.com/img/motor-img/698c942eb4d5973d1babe5371eb624f7~tplv-resize:640:0.png', 14.88, 20.88, '上汽集团');
INSERT INTO `carinfo` VALUES (4859, 'SUV', '思皓QX', 2927, 'https://p1-dcd.byteimg.com/img/motor-img/6d7d40e80e8ae4b5ca752a6e23288130~tplv-resize:640:0.png', 10.19, 19.28, '江汽集团');
INSERT INTO `carinfo` VALUES (484, 'SUV', '东南DX3', 737, 'https://p1-dcd.byteimg.com/img/motor-img/56031fc851868fa358f00f0b3fd91216~tplv-resize:640:0.png', 6.96, 12.99, '东南汽车');
INSERT INTO `carinfo` VALUES (4640, 'SUV', '发现运动版PHEV', 483, 'https://p1-dcd.byteimg.com/img/motor-img/053677bde5e7d48f037d6a063407538c~tplv-resize:640:0.png', 27.88, 27.88, '奇瑞捷豹路虎');
INSERT INTO `carinfo` VALUES (1198, 'SUV', '劲炫ASX', 482, 'https://p1-dcd.byteimg.com/img/motor-img/7e11d70130ec54a44a1caaedf7f43c39~tplv-resize:640:0.png', 8.98, 11.98, '广汽三菱');
INSERT INTO `carinfo` VALUES (3474, 'SUV', '奔腾T99', 490, 'https://p1-dcd.byteimg.com/img/tos-cn-i-dcdx/c824422f6b304aa381f609de73f94fc3~tplv-resize:640:0.png', 11.69, 17.69, '一汽奔腾');
INSERT INTO `carinfo` VALUES (844, 'SUV', '开瑞K60', 447, 'https://p1-dcd.byteimg.com/img/motor-img/3b5f6a275041c8e32884a13dc812418e~tplv-resize:640:0.png', 5.99, 6.69, '开瑞汽车');
INSERT INTO `carinfo` VALUES (3719, 'SUV', '奔驰EQC', 438, 'https://p3-dcd.byteimg.com/img/motor-img/af9519c896135b4d911ee16d8d22743f~tplv-resize:640:0.png', 49.19, 57.19, '北京奔驰');
INSERT INTO `carinfo` VALUES (4718, 'SUV', '长安欧尚科赛Pro', 705, 'https://p1-dcd.byteimg.com/img/motor-img/bc43503f3b385b4c78cf49d2e5e5299d~tplv-resize:640:0.png', 8.59, 15.29, '长安汽车');
INSERT INTO `carinfo` VALUES (5225, 'SUV', '星越S', 415, 'https://p1-dcd.byteimg.com/img/motor-img/5e3ca6204272d09460db80f9e9773db5~tplv-resize:640:0.png', 12.97, 16.57, '吉利汽车');
INSERT INTO `carinfo` VALUES (1376, 'SUV', '雪铁龙C3-XR', 395, 'https://p9-dcd.byteimg.com/img/motor-img/a65b0e6e805e6985fe12ba2284e26221~tplv-resize:640:0.png', 8.89, 8.89, '东风雪铁龙');
INSERT INTO `carinfo` VALUES (1915, 'SUV', '威马EX5', 1532, 'https://p1-dcd.byteimg.com/img/motor-img/674ada0515737833a6fa6ad2d2b8f748~tplv-resize:640:0.png', 17.58, 19.98, '威马汽车');
INSERT INTO `carinfo` VALUES (3002, 'SUV', '马自达CX-8', 380, 'https://p1-dcd.byteimg.com/img/motor-img/38ca65663cc276d072133f6e82f05869~tplv-resize:640:0.png', 20.88, 28.08, '长安马自达');
INSERT INTO `carinfo` VALUES (4501, 'SUV', '上汽大通MAXUS D90 Pro', 376, 'https://p1-dcd.byteimg.com/img/motor-img/6ecd6af4a3103d8cb40d1547fa982aae~tplv-resize:640:0.png', 17.98, 30.98, '上汽大通');
INSERT INTO `carinfo` VALUES (53, 'SUV', '斯威X7', 875, 'https://p1-dcd.byteimg.com/img/motor-img/11fbe3c6e9192008adca4108d69b5413~tplv-resize:640:0.png', 6.39, 10.59, 'SWM斯威汽车');
INSERT INTO `carinfo` VALUES (4813, 'SUV', '威兰达高性能版', 365, 'https://p3-dcd.byteimg.com/img/motor-img/f7b9bce8c2458ac99da62cd4338602a0~tplv-resize:640:0.png', 24.68, 28.78, '广汽丰田');
INSERT INTO `carinfo` VALUES (34, 'SUV', '名爵ZS', 352, 'https://p1-dcd.byteimg.com/img/motor-img/65ffd10557f995aeb3d5743592e170aa~tplv-resize:640:0.png', 7.58, 8.98, '上汽集团');
INSERT INTO `carinfo` VALUES (2818, 'SUV', '爱驰U5', 320, 'https://p1-dcd.byteimg.com/img/tos-cn-i-0000c0030/10aa017bef284b42acedbda0712039ce~tplv-resize:640:0.png', 17.99, 19.99, '爱驰汽车');
INSERT INTO `carinfo` VALUES (5049, 'SUV', '鲸', 353, 'https://p1-dcd.byteimg.com/img/motor-img/417198e951edc330c24cf8bec503fb79~tplv-resize:640:0.png', 0, 0, '上汽集团');
INSERT INTO `carinfo` VALUES (2932, 'SUV', '奕歌', 318, 'https://p1-dcd.byteimg.com/img/motor-img/99c469d3813d3c2998ccc2817e391da1~tplv-resize:640:0.png', 11.48, 17.08, '广汽三菱');
INSERT INTO `carinfo` VALUES (165, 'SUV', '北京BJ80', 469, 'https://p1-dcd.byteimg.com/img/motor-img/4f52b32a408cd7fd40a897d72970964f~tplv-resize:640:0.png', 29.8, 39.8, '北京越野');
INSERT INTO `carinfo` VALUES (3337, 'SUV', '奥迪Q2L e-tron', 301, 'https://p1-dcd.byteimg.com/img/motor-img/5baddc755b3d04932ff63931b637f51d~tplv-resize:640:0.png', 19.2, 19.2, '一汽-大众奥迪');
INSERT INTO `carinfo` VALUES (5294, 'SUV', '英菲尼迪QX60', 301, 'https://p1-dcd.byteimg.com/img/motor-img/7a627875ede9d3e13c79a4c4218a2d4a~tplv-resize:640:0.png', 39.98, 61.98, '东风英菲尼迪');
INSERT INTO `carinfo` VALUES (2987, 'SUV', '讴歌RDX', 295, 'https://p1-dcd.byteimg.com/img/motor-img/d1c9e097be67b6f57d687de829667149~tplv-resize:640:0.png', 32.8, 46, '广汽讴歌');
INSERT INTO `carinfo` VALUES (3153, 'SUV', '上汽大通MAXUS D60', 271, 'https://p1-dcd.byteimg.com/img/motor-img/8ad8e32b0d69a70470645d077a560c27~tplv-resize:640:0.png', 11.08, 15.48, '上汽大通');
INSERT INTO `carinfo` VALUES (1008, 'SUV', '马自达CX-4', 266, 'https://p1-dcd.byteimg.com/img/motor-img/54614b129c37f3d43db3793074c26a5f~tplv-resize:640:0.png', 13.38, 20.08, '长安马自达');
INSERT INTO `carinfo` VALUES (4068, 'SUV', '东南DX5', 235, 'https://p1-dcd.byteimg.com/img/motor-img/04bf7bc6fbfc6e3e85856c2fc6732b71~tplv-resize:640:0.png', 6.99, 9.99, '东南汽车');
INSERT INTO `carinfo` VALUES (3339, 'SUV', '奕泽E进擎', 231, 'https://p1-dcd.byteimg.com/img/tos-cn-i-dcdx/51374ea74dd348da89ff211b4f4e7574~tplv-resize:640:0.png', 19.28, 22.08, '一汽丰田');
INSERT INTO `carinfo` VALUES (4543, 'SUV', '奥迪e-tron', 225, 'https://p1-dcd.byteimg.com/img/motor-img/e8587b667f120eb9f0f98d11371b8b74~tplv-resize:640:0.png', 44.8, 53.2, '一汽-大众奥迪');
INSERT INTO `carinfo` VALUES (3720, 'SUV', '星途揽月', 173, 'https://p1-dcd.byteimg.com/img/motor-img/1da13ea11df361f0cbe3c12dc214a6e6~tplv-resize:640:0.png', 16.99, 21.89, '星途');
INSERT INTO `carinfo` VALUES (3096, 'SUV', '广汽本田VE-1', 202, 'https://p1-dcd.byteimg.com/img/motor-img/6b45b76df3eac473edc4da19a10ce8d7~tplv-resize:640:0.png', 11.98, 14.68, '广汽本田');
INSERT INTO `carinfo` VALUES (4507, 'SUV', '观致7', 259, 'https://p1-dcd.byteimg.com/img/motor-img/b49af0b1d995756a790d6512ccbb7c3c~tplv-resize:640:0.png', 10.98, 15.98, '观致汽车');
INSERT INTO `carinfo` VALUES (485, 'SUV', '东南DX7', 201, 'https://p1-dcd.byteimg.com/img/motor-img/4b052a6cde7aa9647b6e4af08a727ed6~tplv-resize:640:0.png', 9.99, 13.99, '东南汽车');
INSERT INTO `carinfo` VALUES (4378, 'SUV', '微蓝7', 193, 'https://p1-dcd.byteimg.com/img/motor-img/e3c9e58761031482824d91d0d05d3590~tplv-resize:640:0.png', 16.78, 18.78, '上汽通用别克');
INSERT INTO `carinfo` VALUES (2941, 'SUV', '名爵HS', 270, 'https://p1-dcd.byteimg.com/img/motor-img/64a197fb94942f9f98eeaf90bd9699d8~tplv-resize:640:0.png', 9.78, 16.08, '上汽集团');
INSERT INTO `carinfo` VALUES (5121, 'SUV', '阿图柯AIRTREK', 160, 'https://p1-dcd.byteimg.com/img/motor-img/2958af94a6ade6609dc6fe35d80327fb~tplv-resize:640:0.png', 19.78, 22.78, '广汽三菱');
INSERT INTO `carinfo` VALUES (1048, 'SUV', '讴歌CDX', 155, 'https://p1-dcd.byteimg.com/img/motor-img/a0aa092a9c391676893111962274869c~tplv-resize:640:0.png', 22.98, 34.98, '广汽讴歌');
INSERT INTO `carinfo` VALUES (2813, 'SUV', '风光ix5', 149, 'https://p1-dcd.byteimg.com/img/tos-cn-i-0000c0030/dba24f04e5fe404aad24defd89fcd8aa~tplv-resize:640:0.png', 9.98, 16.59, '东风小康');
INSERT INTO `carinfo` VALUES (4384, 'SUV', '大蚂蚁', 138, 'https://p1-dcd.byteimg.com/img/motor-img/db1039beb5b509e00edf8d706623e04d~tplv-resize:640:0.png', 18.38, 18.38, '奇瑞新能源');
INSERT INTO `carinfo` VALUES (5148, 'SUV', '玛奇朵DHT-PHEV', 342, 'https://p3-dcd.byteimg.com/img/motor-img/15baa8e4c215a5b1e4317e74101087b2~tplv-resize:640:0.png', 17.88, 18.98, '长城汽车');
INSERT INTO `carinfo` VALUES (4868, 'SUV', '拿铁DHT', 127, 'https://p1-dcd.byteimg.com/img/tos-cn-i-0000c0030/85214e6a0e66400e9d1c278a62700dde~tplv-resize:640:0.png', 17.98, 18.98, '长城汽车');
INSERT INTO `carinfo` VALUES (4808, 'SUV', 'MG领航PHEV', 120, 'https://p1-dcd.byteimg.com/img/motor-img/5f6ff0d40b5bf3af63b8ee08289e1cb4~tplv-resize:640:0.png', 14.58, 16.58, '上汽集团');
INSERT INTO `carinfo` VALUES (3353, 'SUV', '捷途X70S EV', 123, 'https://p1-dcd.byteimg.com/img/motor-img/f4e6e2fbaa0cecf457663534e094c6f1~tplv-resize:640:0.png', 16.98, 17.98, '奇瑞汽车');
INSERT INTO `carinfo` VALUES (5418, 'SUV', '红旗LS7', 96, 'https://p1-dcd.byteimg.com/img/motor-img/0b094b3ada0704b3ef49fa69acb10d59~tplv-resize:640:0.png', 136.58, 146.58, '一汽红旗');
INSERT INTO `carinfo` VALUES (1647, 'SUV', '北京BJ90', 122, 'https://p1-dcd.byteimg.com/img/motor-img/122027b71b0c5c8274e34ad2b1aaea1d~tplv-resize:640:0.png', 47.8, 77.28, '北京越野');
INSERT INTO `carinfo` VALUES (3338, 'SUV', '丰田C-HR EV', 83, 'https://p1-dcd.byteimg.com/img/motor-img/2527b344582b3625823947122543bf78~tplv-resize:640:0.png', 16.58, 18.98, '广汽丰田');
INSERT INTO `carinfo` VALUES (5069, 'SUV', '马自达CX-30 EV', 80, 'https://p1-dcd.byteimg.com/img/motor-img/79d417ac74b4f57a2935af5f3cdf409e~tplv-resize:640:0.png', 15.98, 20.18, '长安马自达');
INSERT INTO `carinfo` VALUES (4866, 'SUV', '摩卡', 531, 'https://p1-dcd.byteimg.com/img/tos-cn-i-dcdx/7ef007e25b00421aa138e6ebf311aad8~tplv-resize:640:0.png', 19.28, 22.88, '长城汽车');
INSERT INTO `carinfo` VALUES (864, 'SUV', '凯翼X3', 60, 'https://p1-dcd.byteimg.com/img/motor-img/28d8e337af5968f12797ac87d01acde5~tplv-resize:640:0.png', 6.39, 7.59, '凯翼汽车');
INSERT INTO `carinfo` VALUES (4209, 'SUV', 'VGV U70', 2314, 'https://p1-dcd.byteimg.com/img/motor-img/8962f78d7a160bfa32466bf7fc4be7ee~tplv-resize:640:0.png', 7.79, 11.89, '中国重汽VGV');
INSERT INTO `carinfo` VALUES (4549, 'SUV', '锐际PHEV', 109, 'https://p3-dcd.byteimg.com/img/motor-img/9fbf154e6c81aad3e71aee0f2cbfa64a~tplv-resize:640:0.png', 19, 19, '长安福特');
INSERT INTO `carinfo` VALUES (1805, 'SUV', 'DS 7', 52, 'https://p3-dcd.byteimg.com/img/motor-img/ed26b29c1b4cc3f3c703070d4997ce5e~tplv-resize:640:0.png', 17.29, 26.99, 'DS汽车');
INSERT INTO `carinfo` VALUES (4736, 'SUV', 'MG领航', 49, 'https://p1-dcd.byteimg.com/img/motor-img/f1ecb6e0589c46d4e77733880afd3d8f~tplv-resize:640:0.png', 9.98, 13.98, '上汽集团');
INSERT INTO `carinfo` VALUES (3723, 'SUV', '合创007', 48, 'https://p1-dcd.byteimg.com/img/motor-img/08a44355529f774514bb9aa8957929a2~tplv-resize:640:0.png', 29.98, 29.98, '合创汽车');
INSERT INTO `carinfo` VALUES (4000, 'SUV', '风光ix7', 53, 'https://p1-dcd.byteimg.com/img/motor-img/5fc6e25bb275722b38c7a9d1f4d03f94~tplv-resize:640:0.png', 12.59, 21.59, '东风小康');
INSERT INTO `carinfo` VALUES (4896, 'SUV', '玛奇朵DHT', 352, 'https://p3-dcd.byteimg.com/img/motor-img/8b509e30c859d0b64669f2d839b052e8~tplv-resize:640:0.png', 15.58, 16.98, '长城汽车');
INSERT INTO `carinfo` VALUES (3341, 'SUV', '创界', 331, 'https://p1-dcd.byteimg.com/img/motor-img/e8ba282468b4b966a707923b0e17456b~tplv-resize:640:0.png', 8.79, 12.79, '上汽通用雪佛兰');
INSERT INTO `carinfo` VALUES (4981, 'SUV', '元Pro', 12651, 'https://p1-dcd.byteimg.com/img/motor-img/83bf43c3cb8ae3e3aa7a4c2440847051~tplv-resize:640:0.png', 9.88, 11.88, '比亚迪');
INSERT INTO `carinfo` VALUES (4464, 'SUV', '爱驰U6', 21, 'https://p1-dcd.byteimg.com/img/tos-cn-i-0000c0030/40840bff50144fe78e5e460cfba3a2d9~tplv-resize:640:0.png', 21.99, 23.79, '爱驰汽车');
INSERT INTO `carinfo` VALUES (1321, 'SUV', '现代ix25', 34, 'https://p1-dcd.byteimg.com/img/motor-img/12484d89f32ed66640575237f4872158~tplv-resize:640:0.png', 9.53, 12.63, '北京现代');
INSERT INTO `carinfo` VALUES (4117, 'SUV', '标致4008 PHEV', 19, 'https://p1-dcd.byteimg.com/img/motor-img/974eb0d26bd1470199a4be9d8b7bf335~tplv-resize:640:0.png', 24.97, 25.97, '东风标致');
INSERT INTO `carinfo` VALUES (2805, 'SUV', '赛力斯SF5', 49, 'https://p1-dcd.byteimg.com/img/motor-img/d3d1e81f816d273258a81a867be42e34~tplv-resize:640:0.png', 23.68, 26.68, '赛力斯汽车');
INSERT INTO `carinfo` VALUES (2991, 'SUV', '哈弗F7', 668, 'https://p1-dcd.byteimg.com/img/motor-img/a3c5c31ba16abd52d9242e4fbba1c1d8~tplv-resize:640:0.png', 9.68, 13.68, '长城汽车');
INSERT INTO `carinfo` VALUES (4156, 'SUV', '领克05 PHEV', 694, 'https://p1-dcd.byteimg.com/img/motor-img/307ff08000674f18865a9a638d0203a2~tplv-resize:640:0.png', 22.57, 22.57, '领克');
INSERT INTO `carinfo` VALUES (4290, 'SUV', '天逸 C5 AIRCROSS PHEV', 13, 'https://p1-dcd.byteimg.com/img/motor-img/edc611215e53aaba48a03a0700baca7d~tplv-resize:640:0.png', 23.17, 23.17, '东风雪铁龙');
INSERT INTO `carinfo` VALUES (3383, 'SUV', 'DS 3 EV', 4, 'https://p1-dcd.byteimg.com/img/motor-img/a1e11c23e112df16349895f8acdfbaf4~tplv-resize:640:0.png', 25.23, 27.23, 'DS(进口)');
INSERT INTO `carinfo` VALUES (5567, 'SUV', '星途追风ET-i', 4, 'https://p1-dcd.byteimg.com/img/motor-img/d29253876c21e1978ec0ef4fe232a912~tplv-resize:640:0.png', 14.98, 15.98, '星途');
INSERT INTO `carinfo` VALUES (4278, 'SUV', '奔腾E01', 7, 'https://p9-dcd.byteimg.com/img/motor-img/3775b0fd779b392934bda5da3e46864d~tplv-resize:640:0.png', 19.68, 22.88, '一汽奔腾');
INSERT INTO `carinfo` VALUES (353, 'MPV', '别克GL8', 58575, 'https://p3-dcd.byteimg.com/img/motor-img/1b5d71c459535ea55476f5dd7a91be6c~tplv-resize:640:0.png', 22.99, 47.09, '上汽通用别克');
INSERT INTO `carinfo` VALUES (5223, 'MPV', '赛那', 39292, 'https://p1-dcd.byteimg.com/img/motor-img/3d40895e3ab4e118a086187f7e78ebba~tplv-resize:640:0.png', 30.98, 40.58, '广汽丰田');
INSERT INTO `carinfo` VALUES (1794, 'MPV', '传祺M8', 34344, 'https://p1-dcd.byteimg.com/img/tos-cn-i-0000c0030/15bc2afb5b53400588cd0e8b14dd7db9~tplv-resize:640:0.png', 17.98, 36.98, '广汽乘用车');
INSERT INTO `carinfo` VALUES (5827, 'MPV', '五菱佳辰', 28478, 'https://p1-dcd.byteimg.com/img/motor-img/1d111f4c68dbfde0d1fd3c455a3a2db7~tplv-resize:640:0.png', 6.88, 9.98, '上汽通用五菱');
INSERT INTO `carinfo` VALUES (5843, 'MPV', '腾势D9 DM-i', 16019, 'https://p9-dcd.byteimg.com/img/motor-img/33c228a4d0101c510250f1095b554e5e~tplv-resize:640:0.png', 33.58, 44.58, '腾势汽车');
INSERT INTO `carinfo` VALUES (2832, 'MPV', '传祺M6', 19295, 'https://p1-dcd.byteimg.com/img/tos-cn-i-dcdx/7f73f6f447314098ac00754b8b25efd2~tplv-resize:640:0.png', 10.18, 15.68, '广汽乘用车');
INSERT INTO `carinfo` VALUES (282, 'MPV', '艾力绅', 16495, 'https://p1-dcd.byteimg.com/img/motor-img/ca29b4ab792b352e4205c0a2c674453f~tplv-resize:640:0.png', 23.98, 29.18, '东风本田');
INSERT INTO `carinfo` VALUES (291, 'MPV', '奥德赛', 15650, 'https://p1-dcd.byteimg.com/img/motor-img/24513d34201d404f3499988efef33589~tplv-resize:640:0.png', 22.38, 42.78, '广汽本田');
INSERT INTO `carinfo` VALUES (4861, 'MPV', '奔腾NAT', 14389, 'https://p9-dcd.byteimg.com/img/motor-img/86e59b68321279091b353bb89ec0d411~tplv-resize:640:0.png', 13.78, 16.18, '一汽奔腾');
INSERT INTO `carinfo` VALUES (445, 'MPV', '菱智', 13317, 'https://p1-dcd.byteimg.com/img/motor-img/addcb3d06ecfde97f3241a30a222c2c2~tplv-resize:640:0.png', 5.79, 9.79, '东风风行');
INSERT INTO `carinfo` VALUES (4688, 'MPV', '枫叶80v', 13467, 'https://p1-dcd.byteimg.com/img/motor-img/7686d8b65af80d29a3f9525a4ae15ecf~tplv-resize:640:0.png', 8.98, 15.48, '睿蓝汽车');
INSERT INTO `carinfo` VALUES (4160, 'MPV', '威然', 9199, 'https://p1-dcd.byteimg.com/img/tos-cn-i-0000c0030/d0c3c149e26c4b79a50eea527afb3668~tplv-resize:640:0.png', 27.68, 38.98, '上汽大众');
INSERT INTO `carinfo` VALUES (245, 'MPV', '奔驰V级', 7712, 'https://p9-dcd.byteimg.com/img/tos-cn-i-dcdx/bb1047767b9e4323bf91566259a5cb03~tplv-resize:640:0.png', 47.88, 64.68, '福建奔驰');
INSERT INTO `carinfo` VALUES (244, 'MPV', '威霆', 7191, 'https://p1-dcd.byteimg.com/img/motor-img/99be7e56fcde356fb22ec554e1edd23f~tplv-resize:640:0.png', 29.38, 34.78, '福建奔驰');
INSERT INTO `carinfo` VALUES (2887, 'MPV', '宋MAX DM-i', 7003, 'https://p1-dcd.byteimg.com/img/motor-img/7ec97e2a0cd2675c197335c8319f94b1~tplv-resize:640:0.png', 14.78, 17.48, '比亚迪');
INSERT INTO `carinfo` VALUES (4569, 'MPV', '凯捷Victory', 6977, 'https://p1-dcd.byteimg.com/img/tos-cn-i-0000c0030/68155a2cb5354e83a06cb395c5090868~tplv-resize:640:0.png', 8.58, 14.98, '上汽通用五菱');
INSERT INTO `carinfo` VALUES (2984, 'MPV', '上汽大通MAXUS G50', 7223, 'https://p1-dcd.byteimg.com/img/motor-img/1f8cf3e8aa8da7a93d7fa90a0ed6e5d6~tplv-resize:640:0.png', 8.28, 16.08, '上汽大通');
INSERT INTO `carinfo` VALUES (768, 'MPV', '瑞风M3', 6540, 'https://p1-dcd.byteimg.com/img/motor-img/84b7fe67cf859ba3a518ab0d3d3bf073~tplv-resize:640:0.png', 6.58, 9.48, '江汽集团');
INSERT INTO `carinfo` VALUES (5858, 'MPV', '格瑞维亚', 6294, 'https://p1-dcd.byteimg.com/img/tos-cn-i-dcdx/dc353aa6c1ef46eda1ea28f39304c725~tplv-resize:640:0.png', 35.58, 41.08, '一汽丰田');
INSERT INTO `carinfo` VALUES (5416, 'MPV', '梦想家 EV', 6257, 'https://p1-dcd.byteimg.com/img/motor-img/f555a18ac28d80c7e938d27b137da439~tplv-resize:640:0.png', 32.99, 64.99, '岚图汽车');
INSERT INTO `carinfo` VALUES (5034, 'MPV', '库斯途', 5681, 'https://p1-dcd.byteimg.com/img/motor-img/b8003b7e07498026bae4c0eef2ac8b4f~tplv-resize:640:0.png', 15.98, 20.88, '北京现代');
INSERT INTO `carinfo` VALUES (5059, 'MPV', '金海狮', 4914, 'https://p1-dcd.byteimg.com/img/motor-img/420edba187de7d68b797455324ccd5af~tplv-resize:640:0.png', 6.09, 8.59, '华晨鑫源');
INSERT INTO `carinfo` VALUES (1620, 'MPV', '别克GL6', 5487, 'https://p1-dcd.byteimg.com/img/motor-img/6244d0821dc2e2e6e8d7ace6e8e2017b~tplv-resize:640:0.png', 9.49, 11.49, '上汽通用别克');
INSERT INTO `carinfo` VALUES (5905, 'MPV', '红旗HQ9', 4813, 'https://p1-dcd.byteimg.com/img/tos-cn-i-0000c0030/aa0106a468d44cbf907f58c6c7f9ac32~tplv-resize:640:0.png', 35.88, 53.88, '一汽红旗');
INSERT INTO `carinfo` VALUES (4901, 'MPV', '五菱征程', 4781, 'https://p1-dcd.byteimg.com/img/motor-img/14a5f4d31b2390bbe29d1e2ed5c86725~tplv-resize:640:0.png', 6.98, 9.08, '上汽通用五菱');
INSERT INTO `carinfo` VALUES (5935, 'MPV', '世纪', 4748, 'https://p1-dcd.byteimg.com/img/tos-cn-i-dcdx/1e46ba14631b43d68b3747fea4c7494f~tplv-resize:640:0.png', 52.98, 68.98, '上汽通用别克');
INSERT INTO `carinfo` VALUES (5386, 'MPV', '风行游艇', 3965, 'https://p1-dcd.byteimg.com/img/motor-img/85a0e84f644c302002af793cd2b3584a~tplv-resize:640:0.png', 11.99, 15.69, '东风风行');
INSERT INTO `carinfo` VALUES (4201, 'MPV', '海马7X', 3038, 'https://p1-dcd.byteimg.com/img/motor-img/0ccdcce434e8438ddd85acf1f1502c03~tplv-resize:640:0.png', 12.58, 14.98, '一汽海马');
INSERT INTO `carinfo` VALUES (1211, 'MPV', '上汽大通MAXUS G10', 2774, 'https://p1-dcd.byteimg.com/img/motor-img/0278cd781f8003a738f78e3a89038863~tplv-resize:640:0.png', 11.28, 18.58, '上汽大通');
INSERT INTO `carinfo` VALUES (4535, 'MPV', '荣威iMAX8', 2630, 'https://p1-dcd.byteimg.com/img/tos-cn-i-dcdx/6db94c2ed63e49d6a42eba931d90c2c0~tplv-resize:640:0.png', 17.28, 25.58, '上汽集团');
INSERT INTO `carinfo` VALUES (2968, 'MPV', '长安欧尚科尚', 2360, 'https://p1-dcd.byteimg.com/img/motor-img/2572fd3259520290f21cfe6bb2c2f01b~tplv-resize:640:0.png', 16.88, 16.88, '长安汽车');
INSERT INTO `carinfo` VALUES (1793, 'MPV', '菱智M5 EV', 2035, 'https://p9-dcd.byteimg.com/img/motor-img/15d17f467e2b685be5487fe2fcad8df9~tplv-resize:640:0.png', 13.69, 18.39, '东风风行');
INSERT INTO `carinfo` VALUES (437, 'MPV', '风光330', 1889, 'https://p1-dcd.byteimg.com/img/motor-img/6f7c31bce10482b0e6b2db15654441e8~tplv-resize:640:0.png', 4.19, 6.88, '东风小康');
INSERT INTO `carinfo` VALUES (2167, 'MPV', '嘉际', 1868, 'https://p1-dcd.byteimg.com/img/tos-cn-i-0000c0030/90cb01b1c26f43c49c13c5cfa341d635~tplv-resize:640:0.png', 11.38, 13.78, '吉利汽车');
INSERT INTO `carinfo` VALUES (5438, 'MPV', '上汽大通MAXUS G90', 1841, 'https://p1-dcd.byteimg.com/img/motor-img/a1ee687418329152e9c1b720e140a392~tplv-resize:640:0.png', 21.99, 32.99, '上汽大通');
INSERT INTO `carinfo` VALUES (5063, 'MPV', '上汽大通MAXUS MIFA 9', 1566, 'https://p1-dcd.byteimg.com/img/motor-img/149f3cd713fb650b0414ba133fad555a~tplv-resize:640:0.png', 26.99, 41.99, '上汽大通');
INSERT INTO `carinfo` VALUES (5818, 'MPV', '荣威iMAX8 EV', 1497, 'https://p1-dcd.byteimg.com/img/tos-cn-i-0000c0030/437bbdefa5344103969bdbec57eb38d7~tplv-resize:640:0.png', 25.98, 35.98, '上汽集团');
INSERT INTO `carinfo` VALUES (1472, 'MPV', '长安欧尚A600', 1304, 'https://p1-dcd.byteimg.com/img/motor-img/f70208c4167ed8dc07c47aa6aca85ee0~tplv-resize:640:0.png', 5.29, 5.29, '长安轻型车');
INSERT INTO `carinfo` VALUES (5878, 'MPV', 'ZEEKR 009', 1232, 'https://p1-dcd.byteimg.com/img/tos-cn-i-dcdx/ebd486b72aae4e8a8607707a709a8121~tplv-resize:640:0.png', 49.9, 58.8, '极氪');
INSERT INTO `carinfo` VALUES (4542, 'MPV', '远志M1', 1157, 'https://p9-dcd.byteimg.com/img/motor-img/1391df865bb70731fc6a7ad8cce7f124~tplv-resize:640:0.png', 17.78, 28.88, '大运汽车');
INSERT INTO `carinfo` VALUES (1126, 'MPV', '嘉华', 969, 'https://p1-dcd.byteimg.com/img/motor-img/c6ac1024c4633112f738ffc8fc41b52c~tplv-resize:640:0.png', 28.89, 33.99, '起亚');
INSERT INTO `carinfo` VALUES (2986, 'MPV', '长安欧尚A600 EV', 984, 'https://p1-dcd.byteimg.com/img/mosaic-legacy/bef40000683b18094dbf~tplv-resize:640:0.png', 14.97, 14.97, '长安轻型车');
INSERT INTO `carinfo` VALUES (4638, 'MPV', '比亚迪D1', 936, 'https://p9-dcd.byteimg.com/img/motor-img/16a73f90c37db0a802139dd3bcb55a8b~tplv-resize:640:0.png', 15.78, 16.78, '比亚迪');
INSERT INTO `carinfo` VALUES (407, 'MPV', '途安L', 764, 'https://p1-dcd.byteimg.com/img/motor-img/20f107b28a94a16705865e9b91e79819~tplv-resize:640:0.png', 13.28, 17.58, '上汽大众');
INSERT INTO `carinfo` VALUES (573, 'MPV', '途睿欧', 594, 'https://p3-dcd.byteimg.com/img/motor-img/4c3aa842be214b62d3079f9992b593c6~tplv-resize:640:0.png', 18.69, 27.58, '江铃福特');
INSERT INTO `carinfo` VALUES (5842, 'MPV', '腾势D9 EV', 532, 'https://p9-dcd.byteimg.com/img/tos-cn-i-dcdx/7751ba552d384a5aa57d20cc58876b29~tplv-resize:640:0.png', 39.58, 46.58, '腾势汽车');
INSERT INTO `carinfo` VALUES (1705, 'MPV', '斯派卡', 788, 'https://p1-dcd.byteimg.com/img/motor-img/333dff6043577d8267712d8dd6d804a4~tplv-resize:640:0.png', 4.99, 7.99, '野马汽车');
INSERT INTO `carinfo` VALUES (5474, 'MPV', '瑞风E3', 274, 'https://p1-dcd.byteimg.com/img/motor-img/9b9b2bcb01b623c18ed53331a08ff11b~tplv-resize:640:0.png', 18.98, 20.88, '江汽集团');
INSERT INTO `carinfo` VALUES (3121, 'MPV', '嘉际PHEV', 260, 'https://p9-dcd.byteimg.com/img/motor-img/ed2f8ad01d21e9717a6bc3b0d53fada6~tplv-resize:640:0.png', 14.98, 17.28, '吉利汽车');
INSERT INTO `carinfo` VALUES (5934, 'MPV', '海马7X-E', 106, 'https://p1-dcd.byteimg.com/img/motor-img/83764d01c17f4ed726bfa1c8da24270c~tplv-resize:640:0.png', 21.98, 25.98, '一汽海马');
INSERT INTO `carinfo` VALUES (4465, 'MPV', '斯派卡EV', 119, 'https://p1-dcd.byteimg.com/img/motor-img/2429e897feec01509cab30e2c1b9154b~tplv-resize:640:0.png', 14.99, 16.99, '野马汽车');

-- ----------------------------
-- Table structure for new_energy_car
-- ----------------------------
DROP TABLE IF EXISTS `new_energy_car`;
CREATE TABLE `new_energy_car`  (
  `carID` int(0) NULL DEFAULT NULL
) ENGINE = InnoDB CHARACTER SET = utf8mb3 COLLATE = utf8mb3_general_ci ROW_FORMAT = Dynamic;

-- ----------------------------
-- Records of new_energy_car
-- ----------------------------
INSERT INTO `new_energy_car` VALUES (5121);
INSERT INTO `new_energy_car` VALUES (5122);
INSERT INTO `new_energy_car` VALUES (3076);
INSERT INTO `new_energy_car` VALUES (6148);
INSERT INTO `new_energy_car` VALUES (3077);
INSERT INTO `new_energy_car` VALUES (4629);
INSERT INTO `new_energy_car` VALUES (4117);
INSERT INTO `new_energy_car` VALUES (3096);
INSERT INTO `new_energy_car` VALUES (4635);
INSERT INTO `new_energy_car` VALUES (5148);
INSERT INTO `new_energy_car` VALUES (4637);
INSERT INTO `new_energy_car` VALUES (4125);
INSERT INTO `new_energy_car` VALUES (3101);
INSERT INTO `new_energy_car` VALUES (5152);
INSERT INTO `new_energy_car` VALUES (4640);
INSERT INTO `new_energy_car` VALUES (4638);
INSERT INTO `new_energy_car` VALUES (5151);
INSERT INTO `new_energy_car` VALUES (3121);
INSERT INTO `new_energy_car` VALUES (4146);
INSERT INTO `new_energy_car` VALUES (3131);
INSERT INTO `new_energy_car` VALUES (4156);
INSERT INTO `new_energy_car` VALUES (6205);
INSERT INTO `new_energy_car` VALUES (4157);
INSERT INTO `new_energy_car` VALUES (3142);
INSERT INTO `new_energy_car` VALUES (1101);
INSERT INTO `new_energy_car` VALUES (4688);
INSERT INTO `new_energy_car` VALUES (4689);
INSERT INTO `new_energy_car` VALUES (1616);
INSERT INTO `new_energy_car` VALUES (3157);
INSERT INTO `new_energy_car` VALUES (5216);
INSERT INTO `new_energy_car` VALUES (5217);
INSERT INTO `new_energy_car` VALUES (5227);
INSERT INTO `new_energy_car` VALUES (1655);
INSERT INTO `new_energy_car` VALUES (4730);
INSERT INTO `new_energy_car` VALUES (4731);
INSERT INTO `new_energy_car` VALUES (3710);
INSERT INTO `new_energy_car` VALUES (5248);
INSERT INTO `new_energy_car` VALUES (4738);
INSERT INTO `new_energy_car` VALUES (4228);
INSERT INTO `new_energy_car` VALUES (3719);
INSERT INTO `new_energy_car` VALUES (5257);
INSERT INTO `new_energy_car` VALUES (3723);
INSERT INTO `new_energy_car` VALUES (147);
INSERT INTO `new_energy_car` VALUES (4758);
INSERT INTO `new_energy_car` VALUES (4760);
INSERT INTO `new_energy_car` VALUES (5787);
INSERT INTO `new_energy_car` VALUES (2716);
INSERT INTO `new_energy_car` VALUES (5788);
INSERT INTO `new_energy_car` VALUES (1183);
INSERT INTO `new_energy_car` VALUES (4258);
INSERT INTO `new_energy_car` VALUES (5283);
INSERT INTO `new_energy_car` VALUES (5290);
INSERT INTO `new_energy_car` VALUES (1707);
INSERT INTO `new_energy_car` VALUES (5293);
INSERT INTO `new_energy_car` VALUES (4272);
INSERT INTO `new_energy_car` VALUES (5297);
INSERT INTO `new_energy_car` VALUES (3762);
INSERT INTO `new_energy_car` VALUES (5813);
INSERT INTO `new_energy_car` VALUES (4278);
INSERT INTO `new_energy_car` VALUES (5817);
INSERT INTO `new_energy_car` VALUES (5306);
INSERT INTO `new_energy_car` VALUES (5819);
INSERT INTO `new_energy_car` VALUES (5820);
INSERT INTO `new_energy_car` VALUES (5308);
INSERT INTO `new_energy_car` VALUES (5818);
INSERT INTO `new_energy_car` VALUES (4795);
INSERT INTO `new_energy_car` VALUES (1729);
INSERT INTO `new_energy_car` VALUES (4802);
INSERT INTO `new_energy_car` VALUES (5314);
INSERT INTO `new_energy_car` VALUES (5828);
INSERT INTO `new_energy_car` VALUES (4290);
INSERT INTO `new_energy_car` VALUES (4294);
INSERT INTO `new_energy_car` VALUES (4808);
INSERT INTO `new_energy_car` VALUES (5322);
INSERT INTO `new_energy_car` VALUES (3275);
INSERT INTO `new_energy_car` VALUES (4300);
INSERT INTO `new_energy_car` VALUES (4813);
INSERT INTO `new_energy_car` VALUES (4814);
INSERT INTO `new_energy_car` VALUES (5842);
INSERT INTO `new_energy_car` VALUES (5843);
INSERT INTO `new_energy_car` VALUES (4819);
INSERT INTO `new_energy_car` VALUES (213);
INSERT INTO `new_energy_car` VALUES (5334);
INSERT INTO `new_energy_car` VALUES (5847);
INSERT INTO `new_energy_car` VALUES (5335);
INSERT INTO `new_energy_car` VALUES (5850);
INSERT INTO `new_energy_car` VALUES (5343);
INSERT INTO `new_energy_car` VALUES (735);
INSERT INTO `new_energy_car` VALUES (5857);
INSERT INTO `new_energy_car` VALUES (1760);
INSERT INTO `new_energy_car` VALUES (5859);
INSERT INTO `new_energy_car` VALUES (5860);
INSERT INTO `new_energy_car` VALUES (4834);
INSERT INTO `new_energy_car` VALUES (4838);
INSERT INTO `new_energy_car` VALUES (4839);
INSERT INTO `new_energy_car` VALUES (4329);
INSERT INTO `new_energy_car` VALUES (5868);
INSERT INTO `new_energy_car` VALUES (4334);
INSERT INTO `new_energy_car` VALUES (5358);
INSERT INTO `new_energy_car` VALUES (5872);
INSERT INTO `new_energy_car` VALUES (5871);
INSERT INTO `new_energy_car` VALUES (4340);
INSERT INTO `new_energy_car` VALUES (2805);
INSERT INTO `new_energy_car` VALUES (5878);
INSERT INTO `new_energy_car` VALUES (5367);
INSERT INTO `new_energy_car` VALUES (4858);
INSERT INTO `new_energy_car` VALUES (4861);
INSERT INTO `new_energy_car` VALUES (5888);
INSERT INTO `new_energy_car` VALUES (4865);
INSERT INTO `new_energy_car` VALUES (1792);
INSERT INTO `new_energy_car` VALUES (2819);
INSERT INTO `new_energy_car` VALUES (1793);
INSERT INTO `new_energy_car` VALUES (4357);
INSERT INTO `new_energy_car` VALUES (4870);
INSERT INTO `new_energy_car` VALUES (4869);
INSERT INTO `new_energy_car` VALUES (5896);
INSERT INTO `new_energy_car` VALUES (5385);
INSERT INTO `new_energy_car` VALUES (5895);
INSERT INTO `new_energy_car` VALUES (4363);
INSERT INTO `new_energy_car` VALUES (5387);
INSERT INTO `new_energy_car` VALUES (5389);
INSERT INTO `new_energy_car` VALUES (3337);
INSERT INTO `new_energy_car` VALUES (5898);
INSERT INTO `new_energy_car` VALUES (5392);
INSERT INTO `new_energy_car` VALUES (3339);
INSERT INTO `new_energy_car` VALUES (1810);
INSERT INTO `new_energy_car` VALUES (3338);
INSERT INTO `new_energy_car` VALUES (3351);
INSERT INTO `new_energy_car` VALUES (3352);
INSERT INTO `new_energy_car` VALUES (3353);
INSERT INTO `new_energy_car` VALUES (4378);
INSERT INTO `new_energy_car` VALUES (4890);
INSERT INTO `new_energy_car` VALUES (2843);
INSERT INTO `new_energy_car` VALUES (1820);
INSERT INTO `new_energy_car` VALUES (4380);
INSERT INTO `new_energy_car` VALUES (4894);
INSERT INTO `new_energy_car` VALUES (3359);
INSERT INTO `new_energy_car` VALUES (5407);
INSERT INTO `new_energy_car` VALUES (5409);
INSERT INTO `new_energy_car` VALUES (4385);
INSERT INTO `new_energy_car` VALUES (4899);
INSERT INTO `new_energy_car` VALUES (4388);
INSERT INTO `new_energy_car` VALUES (5923);
INSERT INTO `new_energy_car` VALUES (4384);
INSERT INTO `new_energy_car` VALUES (5416);
INSERT INTO `new_energy_car` VALUES (1280);
INSERT INTO `new_energy_car` VALUES (5934);
INSERT INTO `new_energy_car` VALUES (311);
INSERT INTO `new_energy_car` VALUES (3383);
INSERT INTO `new_energy_car` VALUES (4924);
INSERT INTO `new_energy_car` VALUES (4416);
INSERT INTO `new_energy_car` VALUES (2881);
INSERT INTO `new_energy_car` VALUES (2882);
INSERT INTO `new_energy_car` VALUES (2883);
INSERT INTO `new_energy_car` VALUES (3398);
INSERT INTO `new_energy_car` VALUES (2887);
INSERT INTO `new_energy_car` VALUES (1795);
INSERT INTO `new_energy_car` VALUES (4426);
INSERT INTO `new_energy_car` VALUES (5968);
INSERT INTO `new_energy_car` VALUES (5461);
INSERT INTO `new_energy_car` VALUES (3932);
INSERT INTO `new_energy_car` VALUES (4960);
INSERT INTO `new_energy_car` VALUES (4961);
INSERT INTO `new_energy_car` VALUES (5474);
INSERT INTO `new_energy_car` VALUES (2818);
INSERT INTO `new_energy_car` VALUES (4464);
INSERT INTO `new_energy_car` VALUES (4465);
INSERT INTO `new_energy_car` VALUES (6003);
INSERT INTO `new_energy_car` VALUES (4980);
INSERT INTO `new_energy_car` VALUES (4981);
INSERT INTO `new_energy_car` VALUES (2937);
INSERT INTO `new_energy_car` VALUES (1915);
INSERT INTO `new_energy_car` VALUES (3453);
INSERT INTO `new_energy_car` VALUES (5503);
INSERT INTO `new_energy_car` VALUES (3455);
INSERT INTO `new_energy_car` VALUES (5002);
INSERT INTO `new_energy_car` VALUES (5004);
INSERT INTO `new_energy_car` VALUES (1934);
INSERT INTO `new_energy_car` VALUES (3983);
INSERT INTO `new_energy_car` VALUES (5008);
INSERT INTO `new_energy_car` VALUES (4499);
INSERT INTO `new_energy_car` VALUES (3478);
INSERT INTO `new_energy_car` VALUES (5015);
INSERT INTO `new_energy_car` VALUES (4503);
INSERT INTO `new_energy_car` VALUES (5014);
INSERT INTO `new_energy_car` VALUES (4867);
INSERT INTO `new_energy_car` VALUES (2986);
INSERT INTO `new_energy_car` VALUES (2989);
INSERT INTO `new_energy_car` VALUES (3503);
INSERT INTO `new_energy_car` VALUES (3504);
INSERT INTO `new_energy_car` VALUES (1456);
INSERT INTO `new_energy_car` VALUES (6069);
INSERT INTO `new_energy_car` VALUES (3001);
INSERT INTO `new_energy_car` VALUES (4538);
INSERT INTO `new_energy_car` VALUES (4540);
INSERT INTO `new_energy_car` VALUES (5053);
INSERT INTO `new_energy_car` VALUES (4542);
INSERT INTO `new_energy_car` VALUES (4543);
INSERT INTO `new_energy_car` VALUES (6080);
INSERT INTO `new_energy_car` VALUES (6081);
INSERT INTO `new_energy_car` VALUES (5570);
INSERT INTO `new_energy_car` VALUES (5567);
INSERT INTO `new_energy_car` VALUES (4549);
INSERT INTO `new_energy_car` VALUES (6086);
INSERT INTO `new_energy_car` VALUES (5063);
INSERT INTO `new_energy_car` VALUES (5579);
INSERT INTO `new_energy_car` VALUES (5580);
INSERT INTO `new_energy_car` VALUES (5069);
INSERT INTO `new_energy_car` VALUES (6095);
INSERT INTO `new_energy_car` VALUES (3028);
INSERT INTO `new_energy_car` VALUES (5089);
INSERT INTO `new_energy_car` VALUES (5090);
INSERT INTO `new_energy_car` VALUES (5092);
INSERT INTO `new_energy_car` VALUES (5093);
INSERT INTO `new_energy_car` VALUES (4585);
INSERT INTO `new_energy_car` VALUES (4074);
INSERT INTO `new_energy_car` VALUES (4586);
INSERT INTO `new_energy_car` VALUES (6124);
INSERT INTO `new_energy_car` VALUES (4076);
INSERT INTO `new_energy_car` VALUES (4081);
INSERT INTO `new_energy_car` VALUES (5106);
INSERT INTO `new_energy_car` VALUES (3059);
INSERT INTO `new_energy_car` VALUES (4086);
INSERT INTO `new_energy_car` VALUES (4087);
INSERT INTO `new_energy_car` VALUES (4601);

-- ----------------------------
-- Table structure for result
-- ----------------------------
DROP TABLE IF EXISTS `result`;
CREATE TABLE `result`  (
  `month` bigint(0) NULL DEFAULT NULL,
  `carSales` bigint(0) NULL DEFAULT NULL,
  `suvSales` bigint(0) NULL DEFAULT NULL,
  `mpvSales` bigint(0) NULL DEFAULT NULL,
  `newSales` bigint(0) NULL DEFAULT NULL,
  `carRate` double NULL DEFAULT NULL,
  `suvRate` double NULL DEFAULT NULL,
  `mpvRate` double NULL DEFAULT NULL,
  `newRate` double NULL DEFAULT NULL
) ENGINE = InnoDB CHARACTER SET = utf8mb3 COLLATE = utf8mb3_general_ci ROW_FORMAT = Dynamic;

-- ----------------------------
-- Records of result
-- ----------------------------
INSERT INTO `result` VALUES (1, 653427, 649947, 60036, 370782, 0.37679045918791, 0.3747837609676437, 0.03461900412411083, 0.21380677572033546);
INSERT INTO `result` VALUES (2, 924394, 823382, 63323, 520375, 0.3964847988868844, 0.3531594176044854, 0.02716007126821916, 0.22319571224041101);
INSERT INTO `result` VALUES (3, 884126, 945810, 73970, 666448, 0.3439705192358718, 0.36796877006046635, 0.028778137174879412, 0.2592825735287824);
INSERT INTO `result` VALUES (4, 924295, 773376, 63676, 573540, 0.3958628404715089, 0.3312263077399463, 0.027271555325803776, 0.24563929646274102);
INSERT INTO `result` VALUES (5, 987800, 839152, 69118, 604939, 0.3949605939043002, 0.33552538195584264, 0.027636046091797352, 0.2418779780480598);
INSERT INTO `result` VALUES (6, 932663, 828175, 69500, 525310, 0.39592630138288915, 0.3515699289537316, 0.029503559105604912, 0.22300021055777433);

-- ----------------------------
-- Table structure for sale_list
-- ----------------------------
DROP TABLE IF EXISTS `sale_list`;
CREATE TABLE `sale_list`  (
  `carID` int(0) NULL DEFAULT NULL,
  `M1` int(0) NULL DEFAULT NULL,
  `M2` int(0) NULL DEFAULT NULL,
  `M3` int(0) NULL DEFAULT NULL,
  `M4` int(0) NULL DEFAULT NULL,
  `M5` int(0) NULL DEFAULT NULL,
  `M6` int(0) NULL DEFAULT NULL
) ENGINE = InnoDB CHARACTER SET = utf8mb3 COLLATE = utf8mb3_general_ci ROW_FORMAT = Dynamic;

-- ----------------------------
-- Records of sale_list
-- ----------------------------
INSERT INTO `sale_list` VALUES (4499, 16416, 34523, 31982, 41255, 37416, 33866);
INSERT INTO `sale_list` VALUES (1145, 23507, 31971, 22167, 40504, 35926, 43810);
INSERT INTO `sale_list` VALUES (393, 26917, 41501, 21735, 32540, 35013, 29775);
INSERT INTO `sale_list` VALUES (5008, 17582, 26048, 26029, 25240, 24855, 23298);
INSERT INTO `sale_list` VALUES (414, 20454, 32185, 17737, 16686, 21037, 21916);
INSERT INTO `sale_list` VALUES (542, 12444, 33566, 16145, 20549, 25168, 24933);
INSERT INTO `sale_list` VALUES (535, 14396, 26510, 19459, 22471, 20288, 21325);
INSERT INTO `sale_list` VALUES (289, 14594, 26714, 15256, 17734, 21163, 21861);
INSERT INTO `sale_list` VALUES (409, 13143, 18195, 11971, 19718, 22649, 23930);
INSERT INTO `sale_list` VALUES (534, 9619, 17552, 15167, 17832, 17360, 16454);
INSERT INTO `sale_list` VALUES (398, 9861, 20158, 14502, 15535, 19856, 17253);
INSERT INTO `sale_list` VALUES (4802, 5087, 12580, 12628, 17404, 22352, 22242);
INSERT INTO `sale_list` VALUES (4228, 6639, 16605, 18403, 18121, 18067, 12808);
INSERT INTO `sale_list` VALUES (3101, 5091, 13832, 15323, 14507, 13522, 11683);
INSERT INTO `sale_list` VALUES (3762, 12659, 12539, 10069, 2809, 30919, 3390);
INSERT INTO `sale_list` VALUES (733, 10100, 12050, 15941, 16018, 10967, 10742);
INSERT INTO `sale_list` VALUES (415, 10221, 18041, 9293, 12320, 14160, 12829);
INSERT INTO `sale_list` VALUES (276, 10536, 6645, 18298, 9483, 14487, 10534);
INSERT INTO `sale_list` VALUES (345, 9846, 14362, 11143, 13474, 12578, 15137);
INSERT INTO `sale_list` VALUES (146, 14879, 10212, 10369, 12233, 12633, 14679);
INSERT INTO `sale_list` VALUES (5288, 9758, 15850, 10573, 12861, 10947, 12923);
INSERT INTO `sale_list` VALUES (212, 11492, 5574, 16239, 13417, 11272, 9187);
INSERT INTO `sale_list` VALUES (3476, 8713, 10388, 12773, 14506, 9487, 9101);
INSERT INTO `sale_list` VALUES (1455, 10519, 14226, 9858, 12625, 11059, 13044);
INSERT INTO `sale_list` VALUES (5579, 6618, 15378, 15356, 11267, 7473, 1726);
INSERT INTO `sale_list` VALUES (4300, 5622, 5079, 13222, 13177, 13347, 13269);
INSERT INTO `sale_list` VALUES (214, 12665, 9176, 9615, 9943, 11676, 11162);
INSERT INTO `sale_list` VALUES (99, 12098, 12899, 6697, 8458, 10445, 11212);
INSERT INTO `sale_list` VALUES (4899, 8434, 6503, 10569, 12870, 12189, 11606);
INSERT INTO `sale_list` VALUES (397, 7304, 8272, 13355, 9600, 10802, 11358);
INSERT INTO `sale_list` VALUES (5859, 4711, 13757, 11020, 12009, 10010, 8492);
INSERT INTO `sale_list` VALUES (145, 7759, 12393, 8329, 6967, 16174, 9601);
INSERT INTO `sale_list` VALUES (96, 6935, 4943, 10804, 10239, 9663, 11503);
INSERT INTO `sale_list` VALUES (1147, 7103, 4501, 7931, 6880, 12068, 14447);
INSERT INTO `sale_list` VALUES (1310, 8139, 11223, 7221, 8968, 10123, 10091);
INSERT INTO `sale_list` VALUES (3094, 6815, 10686, 6623, 7905, 11573, 9658);
INSERT INTO `sale_list` VALUES (5015, 4839, 3116, 11337, 11011, 10119, 8276);
INSERT INTO `sale_list` VALUES (394, 6170, 9497, 7548, 8139, 9838, 10818);
INSERT INTO `sale_list` VALUES (3068, 4457, 12544, 5894, 8089, 9694, 8893);
INSERT INTO `sale_list` VALUES (533, 5808, 8384, 7141, 8167, 7265, 6932);
INSERT INTO `sale_list` VALUES (5290, 4856, 6107, 6032, 9111, 9101, 8725);
INSERT INTO `sale_list` VALUES (348, 4899, 12205, 6835, 4199, 7808, 9278);
INSERT INTO `sale_list` VALUES (3041, 6501, 8818, 3959, 6505, 5374, 5171);
INSERT INTO `sale_list` VALUES (579, 2944, 7922, 7108, 5304, 7329, 5992);
INSERT INTO `sale_list` VALUES (1655, 956, 1323, 9075, 8312, 8315, 7133);
INSERT INTO `sale_list` VALUES (2875, 3164, 3002, 10609, 5717, 6604, 5963);
INSERT INTO `sale_list` VALUES (5340, 4645, 8685, 5583, 6206, 6181, 7292);
INSERT INTO `sale_list` VALUES (5306, 6137, 9094, 6344, 6384, 2708, 879);
INSERT INTO `sale_list` VALUES (2928, 3014, 5062, 5079, 8009, 8008, 5560);
INSERT INTO `sale_list` VALUES (31, 5022, 7016, 5842, 5034, 5801, 6802);
INSERT INTO `sale_list` VALUES (3736, 4915, 6788, 3911, 8720, 7631, 7213);
INSERT INTO `sale_list` VALUES (410, 5142, 6232, 5060, 5986, 6861, 7365);
INSERT INTO `sale_list` VALUES (4416, 4683, 6349, 5451, 9664, 6655, 3880);
INSERT INTO `sale_list` VALUES (1623, 4600, 3987, 7222, 7025, 4500, 3251);
INSERT INTO `sale_list` VALUES (1101, 1035, 3971, 4020, 9938, 9288, 10037);
INSERT INTO `sale_list` VALUES (5257, 2736, 4592, 4048, 7145, 8650, 8616);
INSERT INTO `sale_list` VALUES (95, 2607, 5837, 4330, 5870, 6703, 5950);
INSERT INTO `sale_list` VALUES (283, 6065, 6160, 4749, 3494, 4869, 4207);
INSERT INTO `sale_list` VALUES (3365, 5424, 6931, 3890, 5090, 5283, 6832);
INSERT INTO `sale_list` VALUES (6132, 2765, 6873, 5121, 5181, 4753, 4147);
INSERT INTO `sale_list` VALUES (1081, 3674, 6198, 3472, 4364, 5875, 4795);
INSERT INTO `sale_list` VALUES (2913, 2552, 5541, 4181, 4543, 5026, 5291);
INSERT INTO `sale_list` VALUES (3157, 2248, 1563, 5305, 4922, 5701, 6307);
INSERT INTO `sale_list` VALUES (4074, 2254, 1725, 8840, 5183, 4667, 3279);
INSERT INTO `sale_list` VALUES (3710, 16, 2210, 7854, 8100, 4053, 2503);
INSERT INTO `sale_list` VALUES (5092, 6703, 1645, 4303, 4166, 5210, 4879);
INSERT INTO `sale_list` VALUES (5409, 5795, 7594, 2968, 1030, 221, 0);
INSERT INTO `sale_list` VALUES (5852, 3203, 8488, 5937, 4516, 0, 0);
INSERT INTO `sale_list` VALUES (1014, 2206, 4186, 3899, 5075, 4307, 3131);
INSERT INTO `sale_list` VALUES (3351, 2039, 1406, 4397, 2472, 5833, 5430);
INSERT INTO `sale_list` VALUES (1701, 2416, 4267, 2741, 3480, 3567, 3654);
INSERT INTO `sale_list` VALUES (4787, 2342, 2893, 4549, 3317, 3449, 3118);
INSERT INTO `sale_list` VALUES (3359, 2923, 431, 4600, 4086, 3910, 3221);
INSERT INTO `sale_list` VALUES (5850, 1000, 1500, 4355, 3550, 4550, 4200);
INSERT INTO `sale_list` VALUES (5048, 2163, 3120, 1365, 4758, 5809, 3527);
INSERT INTO `sale_list` VALUES (4272, 501, 3937, 3570, 3564, 6080, 6248);
INSERT INTO `sale_list` VALUES (538, 3336, 2258, 4550, 1915, 3537, 3047);
INSERT INTO `sale_list` VALUES (4635, 2420, 1148, 2264, 2974, 3505, 6303);
INSERT INTO `sale_list` VALUES (3172, 3740, 1986, 3893, 2869, 2834, 2880);
INSERT INTO `sale_list` VALUES (4838, 3624, 6140, 3394, 1471, 260, 311);
INSERT INTO `sale_list` VALUES (1820, 3106, 2595, 3057, 2822, 2475, 3457);
INSERT INTO `sale_list` VALUES (1281, 2576, 1997, 3318, 3113, 2908, 2739);
INSERT INTO `sale_list` VALUES (735, 2044, 3753, 3426, 2742, 2507, 1638);
INSERT INTO `sale_list` VALUES (416, 1623, 1718, 4079, 2490, 2828, 3477);
INSERT INTO `sale_list` VALUES (6147, 1751, 2945, 5526, 3578, 2318, 0);
INSERT INTO `sale_list` VALUES (391, 3658, 2135, 3042, 2160, 3139, 1900);
INSERT INTO `sale_list` VALUES (267, 1593, 1882, 4338, 2153, 2500, 2674);
INSERT INTO `sale_list` VALUES (3352, 2294, 1022, 2969, 1807, 2104, 4634);
INSERT INTO `sale_list` VALUES (1355, 1590, 3960, 2570, 2673, 3019, 3156);
INSERT INTO `sale_list` VALUES (336, 587, 3918, 2465, 3045, 2147, 1697);
INSERT INTO `sale_list` VALUES (4819, 449, 186, 2807, 671, 3948, 5496);
INSERT INTO `sale_list` VALUES (6148, 6661, 6661, 0, 0, 0, 0);
INSERT INTO `sale_list` VALUES (347, 1011, 1583, 3698, 2602, 1545, 2853);
INSERT INTO `sale_list` VALUES (1279, 1937, 1378, 2429, 2237, 2416, 1426);
INSERT INTO `sale_list` VALUES (5151, 156, 629, 5688, 3632, 345, 1305);
INSERT INTO `sale_list` VALUES (3478, 521, 1379, 3180, 3048, 2928, 3126);
INSERT INTO `sale_list` VALUES (5004, 1890, 1389, 2827, 1453, 1665, 2417);
INSERT INTO `sale_list` VALUES (2716, 1746, 1878, 2436, 1852, 1752, 1754);
INSERT INTO `sale_list` VALUES (5033, 1806, 2244, 2149, 1623, 1582, 1995);
INSERT INTO `sale_list` VALUES (5217, 1062, 1614, 2784, 2923, 1667, 977);
INSERT INTO `sale_list` VALUES (1311, 1572, 888, 1986, 1458, 1457, 3408);
INSERT INTO `sale_list` VALUES (4503, 1124, 1045, 1945, 1988, 2285, 2260);
INSERT INTO `sale_list` VALUES (143, 1173, 1053, 1962, 1956, 2083, 1926);
INSERT INTO `sale_list` VALUES (287, 1711, 1710, 1325, 2027, 2063, 2316);
INSERT INTO `sale_list` VALUES (1456, 1100, 1182, 1976, 1009, 2637, 1566);
INSERT INTO `sale_list` VALUES (1454, 2485, 2253, 939, 277, 2214, 1301);
INSERT INTO `sale_list` VALUES (1114, 2000, 1997, 87, 1838, 1819, 1706);
INSERT INTO `sale_list` VALUES (5093, 482, 1886, 1814, 1956, 2448, 1603);
INSERT INTO `sale_list` VALUES (5788, 575, 362, 541, 785, 3322, 3650);
INSERT INTO `sale_list` VALUES (4755, 2603, 2402, 2064, 2069, 0, 0);
INSERT INTO `sale_list` VALUES (5053, 1330, 1283, 3011, 3031, 0, 0);
INSERT INTO `sale_list` VALUES (1143, 1402, 676, 1249, 1086, 1875, 2063);
INSERT INTO `sale_list` VALUES (5440, 828, 1365, 1596, 1156, 1588, 1795);
INSERT INTO `sale_list` VALUES (3142, 2566, 1490, 884, 608, 1042, 1736);
INSERT INTO `sale_list` VALUES (577, 1283, 1834, 1187, 1413, 1389, 1414);
INSERT INTO `sale_list` VALUES (4355, 1175, 808, 1418, 1316, 1516, 2003);
INSERT INTO `sale_list` VALUES (4796, 1167, 927, 1691, 1410, 1551, 1366);
INSERT INTO `sale_list` VALUES (1810, 102, 571, 2789, 1635, 1588, 1194);
INSERT INTO `sale_list` VALUES (344, 434, 3046, 411, 1098, 2842, 8565);
INSERT INTO `sale_list` VALUES (4689, 2658, 2046, 1382, 1563, 1637, 2091);
INSERT INTO `sale_list` VALUES (5872, 3, 2056, 5000, 6300, 5586, 4035);
INSERT INTO `sale_list` VALUES (539, 1226, 917, 1542, 594, 1395, 1379);
INSERT INTO `sale_list` VALUES (4801, 905, 780, 2068, 836, 967, 1344);
INSERT INTO `sale_list` VALUES (2989, 529, 2048, 922, 988, 1089, 1127);
INSERT INTO `sale_list` VALUES (147, 731, 1249, 1109, 1032, 1073, 1088);
INSERT INTO `sale_list` VALUES (1116, 774, 810, 1603, 746, 1147, 1005);
INSERT INTO `sale_list` VALUES (3095, 1008, 1076, 1931, 633, 751, 552);
INSERT INTO `sale_list` VALUES (5580, 47, 104, 920, 512, 2372, 1982);
INSERT INTO `sale_list` VALUES (5090, 1517, 2003, 202, 0, 0, 0);
INSERT INTO `sale_list` VALUES (4086, 192, 337, 1156, 1554, 56, 2433);
INSERT INTO `sale_list` VALUES (4601, 1117, 453, 489, 1471, 745, 1426);
INSERT INTO `sale_list` VALUES (5106, 162, 212, 1194, 1757, 1303, 561);
INSERT INTO `sale_list` VALUES (1789, 649, 1071, 769, 840, 976, 979);
INSERT INTO `sale_list` VALUES (798, 746, 634, 1016, 742, 804, 1005);
INSERT INTO `sale_list` VALUES (4182, 543, 442, 1256, 1014, 705, 966);
INSERT INTO `sale_list` VALUES (4663, 815, 358, 892, 607, 1167, 1045);
INSERT INTO `sale_list` VALUES (5828, 1086, 1098, 1011, 509, 701, 255);
INSERT INTO `sale_list` VALUES (5264, 1975, 2565, 2106, 1310, 2173, 733);
INSERT INTO `sale_list` VALUES (578, 41, 155, 673, 819, 1400, 1348);
INSERT INTO `sale_list` VALUES (859, 559, 413, 1269, 724, 522, 879);
INSERT INTO `sale_list` VALUES (6080, 697, 56, 1315, 839, 986, 0);
INSERT INTO `sale_list` VALUES (5896, 941, 632, 2038, 181, 1, 0);
INSERT INTO `sale_list` VALUES (32, 623, 947, 314, 541, 514, 811);
INSERT INTO `sale_list` VALUES (5868, 57, 555, 441, 687, 1392, 598);
INSERT INTO `sale_list` VALUES (1241, 392, 414, 738, 498, 657, 704);
INSERT INTO `sale_list` VALUES (5389, 499, 499, 528, 482, 671, 712);
INSERT INTO `sale_list` VALUES (4870, 278, 266, 608, 860, 1019, 1007);
INSERT INTO `sale_list` VALUES (5293, 211, 353, 706, 669, 661, 653);
INSERT INTO `sale_list` VALUES (5152, 146, 501, 2498, 3142, 3141, 3007);
INSERT INTO `sale_list` VALUES (1760, 681, 87, 498, 619, 247, 852);
INSERT INTO `sale_list` VALUES (5385, 385, 272, 202, 566, 760, 756);
INSERT INTO `sale_list` VALUES (4081, 498, 57, 1045, 392, 462, 444);
INSERT INTO `sale_list` VALUES (1119, 180, 194, 823, 409, 490, 643);
INSERT INTO `sale_list` VALUES (1628, 336, 415, 371, 557, 497, 595);
INSERT INTO `sale_list` VALUES (1318, 236, 323, 487, 461, 550, 615);
INSERT INTO `sale_list` VALUES (4858, 152, 781, 486, 123, 536, 354);
INSERT INTO `sale_list` VALUES (2965, 59, 60, 1639, 147, 216, 277);
INSERT INTO `sale_list` VALUES (5813, 421, 289, 347, 206, 426, 675);
INSERT INTO `sale_list` VALUES (1239, 429, 225, 336, 409, 421, 488);
INSERT INTO `sale_list` VALUES (5888, 67, 309, 1745, 0, 0, 0);
INSERT INTO `sale_list` VALUES (4188, 5, 27, 124, 159, 468, 1350);
INSERT INTO `sale_list` VALUES (690, 214, 233, 350, 470, 424, 505);
INSERT INTO `sale_list` VALUES (337, 117, 66, 482, 232, 562, 532);
INSERT INTO `sale_list` VALUES (4076, 572, 628, 786, 49, 155, 1428);
INSERT INTO `sale_list` VALUES (213, 377, 319, 357, 301, 383, 230);
INSERT INTO `sale_list` VALUES (4834, 687, 610, 608, 503, 512, 432);
INSERT INTO `sale_list` VALUES (4302, 289, 304, 311, 235, 347, 352);
INSERT INTO `sale_list` VALUES (2937, 317, 284, 346, 322, 293, 252);
INSERT INTO `sale_list` VALUES (402, 190, 110, 333, 276, 329, 420);
INSERT INTO `sale_list` VALUES (5923, 789, 789, 59, 0, 0, 0);
INSERT INTO `sale_list` VALUES (2889, 384, 465, 501, 210, 2, 1);
INSERT INTO `sale_list` VALUES (3028, 18, 139, 697, 268, 186, 214);
INSERT INTO `sale_list` VALUES (1707, 314, 367, 258, 163, 175, 234);
INSERT INTO `sale_list` VALUES (5297, 62, 108, 115, 515, 506, 1056);
INSERT INTO `sale_list` VALUES (1306, 212, 93, 262, 76, 168, 562);
INSERT INTO `sale_list` VALUES (2315, 156, 141, 199, 367, 273, 164);
INSERT INTO `sale_list` VALUES (2881, 123, 146, 350, 213, 249, 205);
INSERT INTO `sale_list` VALUES (3360, 223, 108, 178, 170, 253, 337);
INSERT INTO `sale_list` VALUES (5014, 127, 162, 127, 173, 284, 270);
INSERT INTO `sale_list` VALUES (1422, 436, 295, 91, 57, 152, 109);
INSERT INTO `sale_list` VALUES (4637, 236, 184, 667, 477, 1027, 1111);
INSERT INTO `sale_list` VALUES (343, 75, 126, 307, 108, 83, 323);
INSERT INTO `sale_list` VALUES (1243, 92, 107, 203, 150, 198, 243);
INSERT INTO `sale_list` VALUES (612, 152, 52, 105, 127, 248, 212);
INSERT INTO `sale_list` VALUES (6209, 715, 130, 0, 0, 0, 0);
INSERT INTO `sale_list` VALUES (6069, 158, 65, 456, 10, 0, 0);
INSERT INTO `sale_list` VALUES (1375, 55, 157, 87, 120, 146, 231);
INSERT INTO `sale_list` VALUES (5407, 223, 199, 200, 104, 124, 99);
INSERT INTO `sale_list` VALUES (4294, 17, 18, 461, 1, 3, 92);
INSERT INTO `sale_list` VALUES (2799, 67, 215, 133, 71, 168, 286);
INSERT INTO `sale_list` VALUES (1280, 29, 54, 112, 109, 56, 60);
INSERT INTO `sale_list` VALUES (1007, 93, 277, 0, 0, 0, 0);
INSERT INTO `sale_list` VALUES (2990, 2, 62, 5, 106, 152, 95);
INSERT INTO `sale_list` VALUES (1719, 26, 46, 31, 54, 85, 133);
INSERT INTO `sale_list` VALUES (1795, 20, 38, 89, 72, 34, 56);
INSERT INTO `sale_list` VALUES (4087, 93, 8, 47, 6, 40, 99);
INSERT INTO `sale_list` VALUES (5334, 286, 113, 113, 468, 1105, 702);
INSERT INTO `sale_list` VALUES (5898, 71, 48, 55, 41, 49, 15);
INSERT INTO `sale_list` VALUES (532, 8, 11, 16, 34, 78, 79);
INSERT INTO `sale_list` VALUES (1146, 2, 2, 2, 216, 9, 191);
INSERT INTO `sale_list` VALUES (5787, 155, 35, 0, 0, 0, 0);
INSERT INTO `sale_list` VALUES (1314, 25, 39, 16, 27, 15, 43);
INSERT INTO `sale_list` VALUES (2882, 3, 5, 27, 22, 39, 58);
INSERT INTO `sale_list` VALUES (3724, 19, 6, 35, 31, 21, 25);
INSERT INTO `sale_list` VALUES (613, 7, 49, 21, 12, 16, 52);
INSERT INTO `sale_list` VALUES (4795, 13, 10, 24, 14, 23, 25);
INSERT INTO `sale_list` VALUES (4758, 38, 30, 19, 17, 15, 23);
INSERT INTO `sale_list` VALUES (3455, 88, 1745, 467, 3250, 3851, 1474);
INSERT INTO `sale_list` VALUES (6205, 20, 20, 22, 0, 0, 0);
INSERT INTO `sale_list` VALUES (1934, 42, 5, 7, 0, 0, 0);
INSERT INTO `sale_list` VALUES (4157, 7, 2, 3, 2, 9, 7);
INSERT INTO `sale_list` VALUES (2582, 12, 65, 90, 14, 268, 78);
INSERT INTO `sale_list` VALUES (3076, 5, 1, 3, 1, 1, 0);
INSERT INTO `sale_list` VALUES (1931, 1, 1, 1, 11, 2, 0);
INSERT INTO `sale_list` VALUES (1240, 1, 1, 3, 2, 30, 0);
INSERT INTO `sale_list` VALUES (4865, 28404, 41555, 56637, 50072, 39983, 36791);
INSERT INTO `sale_list` VALUES (4363, 14184, 29387, 52424, 14391, 46694, 31112);
INSERT INTO `sale_list` VALUES (3196, 21620, 30456, 16166, 16350, 16849, 18352);
INSERT INTO `sale_list` VALUES (5248, 14342, 20862, 20204, 20418, 16701, 15132);
INSERT INTO `sale_list` VALUES (649, 15067, 13149, 16800, 26580, 16420, 18953);
INSERT INTO `sale_list` VALUES (280, 13385, 7006, 22668, 9273, 16434, 12815);
INSERT INTO `sale_list` VALUES (311, 7698, 16843, 16771, 14237, 12308, 8145);
INSERT INTO `sale_list` VALUES (4223, 13020, 18479, 10274, 11576, 11053, 11242);
INSERT INTO `sale_list` VALUES (546, 8088, 7407, 22390, 10084, 15941, 13537);
INSERT INTO `sale_list` VALUES (404, 8669, 17720, 11262, 14403, 13769, 12414);
INSERT INTO `sale_list` VALUES (216, 8808, 14317, 11232, 10642, 11983, 13740);
INSERT INTO `sale_list` VALUES (4814, 4792, 14311, 11560, 12615, 13408, 11012);
INSERT INTO `sale_list` VALUES (4857, 10177, 10137, 10843, 14252, 11728, 11702);
INSERT INTO `sale_list` VALUES (4172, 7649, 15174, 9923, 11781, 11503, 11730);
INSERT INTO `sale_list` VALUES (3159, 11320, 6627, 14141, 9527, 11686, 11806);
INSERT INTO `sale_list` VALUES (2975, 7430, 10470, 10168, 10197, 14221, 11094);
INSERT INTO `sale_list` VALUES (1150, 7306, 11661, 6685, 14930, 13005, 15358);
INSERT INTO `sale_list` VALUES (2836, 7889, 13757, 7805, 12340, 12886, 11996);
INSERT INTO `sale_list` VALUES (352, 6179, 8316, 15351, 9602, 9958, 11399);
INSERT INTO `sale_list` VALUES (5369, 7698, 13587, 10555, 10229, 10075, 9177);
INSERT INTO `sale_list` VALUES (2916, 5885, 11265, 10717, 9801, 12296, 12794);
INSERT INTO `sale_list` VALUES (2794, 4876, 5755, 16046, 8973, 9348, 12256);
INSERT INTO `sale_list` VALUES (6025, 13635, 13572, 10107, 8037, 0, 0);
INSERT INTO `sale_list` VALUES (4079, 5783, 14517, 10104, 10620, 10587, 11503);
INSERT INTO `sale_list` VALUES (2812, 8350, 8445, 9399, 10000, 10894, 7938);
INSERT INTO `sale_list` VALUES (5227, 7996, 10582, 9087, 9181, 10123, 0);
INSERT INTO `sale_list` VALUES (5382, 7057, 7026, 13816, 8369, 8206, 9290);
INSERT INTO `sale_list` VALUES (3504, 14439, 14124, 20323, 0, 0, 0);
INSERT INTO `sale_list` VALUES (1938, 7812, 5713, 9906, 6988, 8374, 9449);
INSERT INTO `sale_list` VALUES (5273, 10694, 7324, 7116, 7809, 7747, 8139);
INSERT INTO `sale_list` VALUES (4629, 3487, 1411, 11263, 11721, 11935, 10236);
INSERT INTO `sale_list` VALUES (4615, 4566, 8894, 8287, 9182, 8611, 7151);
INSERT INTO `sale_list` VALUES (4563, 5081, 7001, 7893, 9351, 9884, 5660);
INSERT INTO `sale_list` VALUES (148, 7476, 6059, 7861, 6720, 7716, 7970);
INSERT INTO `sale_list` VALUES (2835, 7076, 11740, 6692, 7038, 5415, 1974);
INSERT INTO `sale_list` VALUES (4540, 7222, 7181, 8391, 6999, 6066, 5951);
INSERT INTO `sale_list` VALUES (3052, 10516, 7704, 4032, 6259, 4735, 4442);
INSERT INTO `sale_list` VALUES (1977, 4658, 5808, 7051, 4295, 6520, 9932);
INSERT INTO `sale_list` VALUES (4532, 7863, 12574, 5065, 5897, 6465, 7193);
INSERT INTO `sale_list` VALUES (5439, 6384, 8764, 5950, 7183, 5351, 6478);
INSERT INTO `sale_list` VALUES (5037, 3253, 5216, 8678, 5359, 6654, 6753);
INSERT INTO `sale_list` VALUES (3171, 5445, 6354, 8093, 3905, 5292, 6795);
INSERT INTO `sale_list` VALUES (1594, 4099, 4943, 7584, 6600, 8561, 7366);
INSERT INTO `sale_list` VALUES (1323, 1294, 8719, 4648, 5308, 8472, 7110);
INSERT INTO `sale_list` VALUES (3928, 5954, 3184, 7250, 4955, 5252, 5173);
INSERT INTO `sale_list` VALUES (4342, 4873, 6308, 6012, 5013, 4172, 2365);
INSERT INTO `sale_list` VALUES (536, 4674, 4799, 5378, 4659, 5930, 5751);
INSERT INTO `sale_list` VALUES (616, 2990, 4471, 7268, 3898, 5754, 6727);
INSERT INTO `sale_list` VALUES (1282, 4570, 4437, 6378, 3818, 5900, 5861);
INSERT INTO `sale_list` VALUES (6095, 6099, 10189, 5293, 0, 0, 0);
INSERT INTO `sale_list` VALUES (1182, 4500, 5335, 5372, 3601, 5008, 4955);
INSERT INTO `sale_list` VALUES (5343, 2732, 6223, 4748, 6812, 5352, 7372);
INSERT INTO `sale_list` VALUES (100, 3719, 2400, 5593, 3866, 5019, 6658);
INSERT INTO `sale_list` VALUES (4353, 3189, 4186, 7029, 3379, 4437, 4534);
INSERT INTO `sale_list` VALUES (1094, 2490, 3873, 7232, 3258, 2920, 5947);
INSERT INTO `sale_list` VALUES (405, 3085, 2860, 6309, 4462, 3793, 4305);
INSERT INTO `sale_list` VALUES (292, 2587, 2614, 6097, 3762, 4771, 4652);
INSERT INTO `sale_list` VALUES (3275, 3012, 1012, 2375, 3607, 6295, 6070);
INSERT INTO `sale_list` VALUES (5468, 2906, 2579, 5499, 2388, 4672, 4310);
INSERT INTO `sale_list` VALUES (617, 1848, 4264, 3156, 4637, 5500, 5235);
INSERT INTO `sale_list` VALUES (1322, 2428, 2975, 5329, 2802, 3755, 4626);
INSERT INTO `sale_list` VALUES (861, 857, 6063, 2869, 3436, 4521, 5274);
INSERT INTO `sale_list` VALUES (4840, 3926, 4666, 2528, 2934, 2953, 4149);
INSERT INTO `sale_list` VALUES (2880, 1610, 2036, 3975, 5279, 5006, 3000);
INSERT INTO `sale_list` VALUES (5820, 1737, 3957, 3529, 5226, 4746, 2668);
INSERT INTO `sale_list` VALUES (5490, 3422, 4636, 2154, 3375, 2824, 2258);
INSERT INTO `sale_list` VALUES (5557, 1180, 2499, 4134, 3159, 4340, 4579);
INSERT INTO `sale_list` VALUES (5050, 2741, 3643, 3982, 1999, 3403, 3875);
INSERT INTO `sale_list` VALUES (5244, 1637, 3169, 3565, 2816, 5194, 3050);
INSERT INTO `sale_list` VALUES (288, 1592, 1824, 2643, 2067, 4778, 6464);
INSERT INTO `sale_list` VALUES (5982, 4623, 5021, 2727, 2124, 133, 0);
INSERT INTO `sale_list` VALUES (5817, 1838, 1522, 4357, 2271, 1496, 5714);
INSERT INTO `sale_list` VALUES (4986, 2004, 1675, 4420, 2289, 3388, 3074);
INSERT INTO `sale_list` VALUES (4586, 1641, 532, 4832, 2757, 3284, 3759);
INSERT INTO `sale_list` VALUES (2971, 1720, 1480, 5004, 2546, 2046, 3318);
INSERT INTO `sale_list` VALUES (5153, 2460, 2425, 2237, 1841, 3467, 3542);
INSERT INTO `sale_list` VALUES (1199, 844, 1082, 2456, 1244, 3890, 6316);
INSERT INTO `sale_list` VALUES (5819, 942, 961, 4154, 4897, 2814, 1895);
INSERT INTO `sale_list` VALUES (4538, 2859, 2263, 2755, 3233, 2592, 1723);
INSERT INTO `sale_list` VALUES (279, 2614, 1621, 2368, 1319, 4232, 3009);
INSERT INTO `sale_list` VALUES (3981, 2389, 2766, 2058, 2807, 3205, 3538);
INSERT INTO `sale_list` VALUES (4731, 426, 3320, 2720, 2159, 4398, 6277);
INSERT INTO `sale_list` VALUES (1738, 2232, 2465, 3203, 1851, 1813, 2913);
INSERT INTO `sale_list` VALUES (4284, 2237, 2676, 2205, 2633, 2476, 1168);
INSERT INTO `sale_list` VALUES (5968, 1500, 1862, 5380, 3201, 1951, 0);
INSERT INTO `sale_list` VALUES (3672, 2065, 3836, 2294, 2500, 1496, 1595);
INSERT INTO `sale_list` VALUES (5238, 1022, 1229, 2017, 2457, 3221, 3806);
INSERT INTO `sale_list` VALUES (4258, 680, 1135, 3901, 3297, 2610, 2049);
INSERT INTO `sale_list` VALUES (3077, 1246, 844, 3164, 2917, 2752, 2743);
INSERT INTO `sale_list` VALUES (164, 1504, 4272, 2535, 2023, 2027, 2392);
INSERT INTO `sale_list` VALUES (2849, 1845, 2579, 2390, 3275, 1716, 3173);
INSERT INTO `sale_list` VALUES (5847, 5043, 1805, 0, 0, 0, 0);
INSERT INTO `sale_list` VALUES (5339, 2290, 1755, 2701, 2065, 2461, 1992);
INSERT INTO `sale_list` VALUES (3276, 1816, 2191, 3082, 1826, 1890, 2326);
INSERT INTO `sale_list` VALUES (2843, 872, 1731, 1927, 1970, 3507, 4507);
INSERT INTO `sale_list` VALUES (5503, 1596, 2814, 4036, 3031, 467, 0);
INSERT INTO `sale_list` VALUES (5388, 1720, 2163, 2661, 1493, 2064, 2429);
INSERT INTO `sale_list` VALUES (3437, 2050, 1096, 2657, 1770, 1925, 2889);
INSERT INTO `sale_list` VALUES (4783, 1501, 3039, 3231, 1564, 1686, 1337);
INSERT INTO `sale_list` VALUES (3334, 1488, 2801, 1904, 2480, 2080, 2447);
INSERT INTO `sale_list` VALUES (5089, 1048, 549, 2663, 2542, 2512, 2510);
INSERT INTO `sale_list` VALUES (281, 1818, 1218, 3358, 1584, 1801, 1874);
INSERT INTO `sale_list` VALUES (5322, 3616, 3170, 4606, 0, 0, 0);
INSERT INTO `sale_list` VALUES (215, 2130, 1168, 2500, 1665, 1872, 1998);
INSERT INTO `sale_list` VALUES (4388, 1009, 925, 1678, 2650, 2640, 2398);
INSERT INTO `sale_list` VALUES (4961, 642, 280, 2869, 2248, 2237, 2583);
INSERT INTO `sale_list` VALUES (4080, 607, 3500, 1499, 1691, 2573, 1889);
INSERT INTO `sale_list` VALUES (4311, 1133, 441, 4845, 1513, 1415, 1350);
INSERT INTO `sale_list` VALUES (2963, 1660, 1079, 2051, 1563, 1887, 2419);
INSERT INTO `sale_list` VALUES (6035, 5139, 5139, 0, 0, 0, 0);
INSERT INTO `sale_list` VALUES (4792, 902, 2201, 1878, 2810, 2159, 2276);
INSERT INTO `sale_list` VALUES (4078, 925, 1291, 1534, 949, 2000, 3349);
INSERT INTO `sale_list` VALUES (1359, 1226, 2645, 1816, 1694, 1715, 2123);
INSERT INTO `sale_list` VALUES (1092, 1846, 1435, 1920, 1197, 1511, 1911);
INSERT INTO `sale_list` VALUES (5251, 1167, 1418, 1415, 2388, 2944, 3263);
INSERT INTO `sale_list` VALUES (5461, 2249, 4020, 1546, 623, 184, 0);
INSERT INTO `sale_list` VALUES (585, 1060, 2581, 1513, 2051, 2039, 2185);
INSERT INTO `sale_list` VALUES (4426, 250, 317, 1727, 1744, 2671, 2632);
INSERT INTO `sale_list` VALUES (1622, 1042, 1097, 1024, 2701, 2626, 2988);
INSERT INTO `sale_list` VALUES (742, 2080, 1870, 1034, 916, 2286, 1032);
INSERT INTO `sale_list` VALUES (1621, 800, 1054, 622, 1851, 1727, 1665);
INSERT INTO `sale_list` VALUES (1123, 1296, 1315, 2632, 854, 1207, 1513);
INSERT INTO `sale_list` VALUES (3721, 695, 980, 1790, 2748, 1897, 589);
INSERT INTO `sale_list` VALUES (1183, 325, 456, 1637, 2279, 2134, 1818);
INSERT INTO `sale_list` VALUES (5335, 841, 857, 1064, 1745, 2014, 1911);
INSERT INTO `sale_list` VALUES (3708, 835, 1299, 1317, 1748, 2086, 2034);
INSERT INTO `sale_list` VALUES (1636, 1222, 960, 1551, 1406, 1526, 1478);
INSERT INTO `sale_list` VALUES (54, 910, 926, 3224, 2992, 49, 4);
INSERT INTO `sale_list` VALUES (6037, 2234, 2555, 3227, 0, 0, 0);
INSERT INTO `sale_list` VALUES (3164, 1296, 915, 1945, 1093, 1006, 1682);
INSERT INTO `sale_list` VALUES (5122, 393, 346, 2179, 1667, 1567, 1411);
INSERT INTO `sale_list` VALUES (4313, 1318, 1223, 1366, 955, 1035, 1343);
INSERT INTO `sale_list` VALUES (741, 1004, 4166, 2003, 3054, 10012, 12822);
INSERT INTO `sale_list` VALUES (6120, 3464, 2075, 1575, 0, 0, 0);
INSERT INTO `sale_list` VALUES (3355, 213, 1495, 1068, 1351, 1695, 1480);
INSERT INTO `sale_list` VALUES (5000, 1284, 1236, 800, 1577, 1660, 1170);
INSERT INTO `sale_list` VALUES (1324, 5284, 405, 273, 247, 498, 338);
INSERT INTO `sale_list` VALUES (5162, 521, 850, 1159, 649, 803, 2881);
INSERT INTO `sale_list` VALUES (993, 1275, 902, 1206, 703, 1010, 1565);
INSERT INTO `sale_list` VALUES (436, 767, 1479, 1458, 737, 1069, 1053);
INSERT INTO `sale_list` VALUES (4537, 1080, 1090, 875, 1216, 1375, 1640);
INSERT INTO `sale_list` VALUES (5216, 1049, 1049, 1786, 871, 932, 851);
INSERT INTO `sale_list` VALUES (5929, 1802, 822, 1853, 1132, 812, 0);
INSERT INTO `sale_list` VALUES (2779, 724, 1012, 1230, 1799, 1108, 471);
INSERT INTO `sale_list` VALUES (1016, 1005, 808, 1037, 894, 1380, 1205);
INSERT INTO `sale_list` VALUES (2827, 626, 519, 1672, 529, 1176, 1755);
INSERT INTO `sale_list` VALUES (3330, 53, 85, 285, 1465, 2183, 1818);
INSERT INTO `sale_list` VALUES (2819, 866, 558, 1476, 1005, 709, 1233);
INSERT INTO `sale_list` VALUES (1121, 910, 970, 1674, 525, 648, 867);
INSERT INTO `sale_list` VALUES (3059, 1129, 1046, 462, 654, 871, 1408);
INSERT INTO `sale_list` VALUES (4654, 740, 1370, 731, 916, 1047, 3252);
INSERT INTO `sale_list` VALUES (5857, 592, 592, 1124, 1206, 554, 917);
INSERT INTO `sale_list` VALUES (3066, 747, 904, 1256, 708, 643, 722);
INSERT INTO `sale_list` VALUES (340, 563, 1256, 779, 1211, 1008, 950);
INSERT INTO `sale_list` VALUES (4334, 553, 508, 1223, 1300, 575, 781);
INSERT INTO `sale_list` VALUES (4180, 772, 939, 650, 856, 1080, 1109);
INSERT INTO `sale_list` VALUES (5081, 450, 644, 746, 755, 1563, 695);
INSERT INTO `sale_list` VALUES (5250, 1045, 1014, 519, 728, 705, 809);
INSERT INTO `sale_list` VALUES (4743, 2622, 762, 1430, 1112, 335, 398);
INSERT INTO `sale_list` VALUES (5387, 924, 608, 2034, 714, 297, 224);
INSERT INTO `sale_list` VALUES (4425, 442, 630, 1084, 641, 797, 1140);
INSERT INTO `sale_list` VALUES (4760, 450, 865, 482, 478, 1225, 1165);
INSERT INTO `sale_list` VALUES (5283, 216, 1119, 1090, 490, 1152, 978);
INSERT INTO `sale_list` VALUES (4380, 540, 80, 832, 520, 1137, 1491);
INSERT INTO `sale_list` VALUES (2890, 783, 594, 946, 535, 754, 970);
INSERT INTO `sale_list` VALUES (653, 478, 430, 805, 618, 1293, 909);
INSERT INTO `sale_list` VALUES (4703, 942, 888, 501, 748, 847, 829);
INSERT INTO `sale_list` VALUES (2820, 560, 302, 1200, 715, 634, 1033);
INSERT INTO `sale_list` VALUES (5912, 707, 703, 786, 514, 697, 1005);
INSERT INTO `sale_list` VALUES (4921, 765, 769, 386, 1151, 647, 1464);
INSERT INTO `sale_list` VALUES (1357, 277, 333, 747, 657, 1401, 831);
INSERT INTO `sale_list` VALUES (5911, 215, 110, 1743, 287, 621, 1188);
INSERT INTO `sale_list` VALUES (5980, 286, 525, 1863, 544, 812, 125);
INSERT INTO `sale_list` VALUES (338, 265, 498, 845, 1059, 726, 660);
INSERT INTO `sale_list` VALUES (4894, 251, 1315, 790, 923, 474, 1303);
INSERT INTO `sale_list` VALUES (4990, 551, 406, 853, 601, 730, 834);
INSERT INTO `sale_list` VALUES (4730, 632, 879, 546, 637, 607, 687);
INSERT INTO `sale_list` VALUES (5443, 231, 351, 679, 465, 828, 1414);
INSERT INTO `sale_list` VALUES (1616, 178, 538, 705, 737, 1412, 1552);
INSERT INTO `sale_list` VALUES (4989, 676, 582, 589, 445, 718, 946);
INSERT INTO `sale_list` VALUES (4585, 626, 193, 890, 690, 821, 726);
INSERT INTO `sale_list` VALUES (4890, 1050, 1535, 677, 278, 272, 331);
INSERT INTO `sale_list` VALUES (4980, 200, 502, 1531, 1501, 119, 0);
INSERT INTO `sale_list` VALUES (4381, 376, 399, 648, 696, 897, 825);
INSERT INTO `sale_list` VALUES (6081, 621, 50, 1972, 630, 542, 0);
INSERT INTO `sale_list` VALUES (5013, 222, 245, 249, 447, 1135, 1286);
INSERT INTO `sale_list` VALUES (6124, 1781, 1781, 0, 0, 0, 0);
INSERT INTO `sale_list` VALUES (5953, 1770, 1770, 0, 0, 0, 0);
INSERT INTO `sale_list` VALUES (4422, 973, 944, 892, 279, 313, 135);
INSERT INTO `sale_list` VALUES (4146, 537, 1348, 136, 232, 840, 406);
INSERT INTO `sale_list` VALUES (1460, 728, 669, 171, 654, 675, 461);
INSERT INTO `sale_list` VALUES (1712, 593, 715, 699, 382, 480, 584);
INSERT INTO `sale_list` VALUES (4759, 547, 502, 767, 494, 533, 601);
INSERT INTO `sale_list` VALUES (5308, 2018, 1415, 9, 0, 0, 0);
INSERT INTO `sale_list` VALUES (2151, 594, 292, 609, 498, 542, 808);
INSERT INTO `sale_list` VALUES (4357, 179, 419, 501, 460, 915, 1094);
INSERT INTO `sale_list` VALUES (3131, 320, 301, 613, 379, 470, 1023);
INSERT INTO `sale_list` VALUES (5392, 44, 102, 889, 811, 629, 627);
INSERT INTO `sale_list` VALUES (2867, 396, 360, 395, 540, 318, 1064);
INSERT INTO `sale_list` VALUES (5897, 429, 374, 905, 548, 556, 248);
INSERT INTO `sale_list` VALUES (5358, 252, 485, 682, 850, 772, 10);
INSERT INTO `sale_list` VALUES (5570, 500, 767, 1487, 137, 0, 0);
INSERT INTO `sale_list` VALUES (1579, 382, 262, 317, 305, 907, 618);
INSERT INTO `sale_list` VALUES (2993, 337, 232, 648, 336, 799, 439);
INSERT INTO `sale_list` VALUES (4339, 472, 460, 455, 327, 474, 538);
INSERT INTO `sale_list` VALUES (5367, 18, 2460, 19, 151, 9, 309);
INSERT INTO `sale_list` VALUES (2883, 328, 54, 302, 313, 803, 864);
INSERT INTO `sale_list` VALUES (4125, 2661, 2866, 2745, 2231, 2093, 2200);
INSERT INTO `sale_list` VALUES (3001, 423, 229, 752, 412, 342, 473);
INSERT INTO `sale_list` VALUES (5860, 1049, 287, 660, 499, 7, 0);
INSERT INTO `sale_list` VALUES (1152, 422, 258, 355, 164, 678, 430);
INSERT INTO `sale_list` VALUES (5067, 212, 239, 521, 339, 526, 466);
INSERT INTO `sale_list` VALUES (2702, 540, 313, 285, 217, 433, 487);
INSERT INTO `sale_list` VALUES (4794, 382, 379, 502, 301, 324, 385);
INSERT INTO `sale_list` VALUES (1642, 170, 120, 366, 235, 759, 593);
INSERT INTO `sale_list` VALUES (5958, 304, 381, 672, 304, 258, 305);
INSERT INTO `sale_list` VALUES (1792, 403, 359, 475, 296, 313, 340);
INSERT INTO `sale_list` VALUES (1245, 218, 201, 439, 340, 445, 526);
INSERT INTO `sale_list` VALUES (341, 243, 189, 735, 454, 263, 206);
INSERT INTO `sale_list` VALUES (1661, 261, 281, 392, 253, 429, 462);
INSERT INTO `sale_list` VALUES (5831, 476, 1477, 771, 1679, 1539, 1002);
INSERT INTO `sale_list` VALUES (1463, 492, 377, 249, 107, 459, 202);
INSERT INTO `sale_list` VALUES (6086, 71, 826, 379, 0, 0, 0);
INSERT INTO `sale_list` VALUES (4839, 343, 364, 316, 240, 257, 307);
INSERT INTO `sale_list` VALUES (110, 129, 363, 260, 547, 412, 792);
INSERT INTO `sale_list` VALUES (3390, 700, 700, 360, 600, 297, 1);
INSERT INTO `sale_list` VALUES (351, 344, 530, 106, 125, 292, 301);
INSERT INTO `sale_list` VALUES (4738, 94, 921, 464, 82, 32, 47);
INSERT INTO `sale_list` VALUES (2765, 345, 346, 900, 1153, 870, 725);
INSERT INTO `sale_list` VALUES (1619, 60, 247, 357, 428, 140, 356);
INSERT INTO `sale_list` VALUES (4276, 273, 258, 313, 234, 272, 238);
INSERT INTO `sale_list` VALUES (5561, 792, 792, 0, 0, 0, 0);
INSERT INTO `sale_list` VALUES (6070, 206, 105, 414, 333, 390, 0);
INSERT INTO `sale_list` VALUES (4869, 1009, 229, 189, 0, 0, 0);
INSERT INTO `sale_list` VALUES (4960, 51, 135, 247, 250, 246, 486);
INSERT INTO `sale_list` VALUES (5895, 64, 67, 362, 387, 456, 0);
INSERT INTO `sale_list` VALUES (4340, 236, 236, 258, 127, 470, 690);
INSERT INTO `sale_list` VALUES (4867, 115, 123, 136, 277, 282, 358);
INSERT INTO `sale_list` VALUES (2970, 303, 179, 190, 151, 224, 232);
INSERT INTO `sale_list` VALUES (5871, 760, 445, 0, 0, 0, 0);
INSERT INTO `sale_list` VALUES (2258, 270, 290, 320, 307, 463, 662);
INSERT INTO `sale_list` VALUES (2982, 117, 117, 257, 170, 221, 246);
INSERT INTO `sale_list` VALUES (2828, 487, 61, 10, 249, 149, 190);
INSERT INTO `sale_list` VALUES (5364, 160, 244, 415, 113, 93, 41);
INSERT INTO `sale_list` VALUES (5002, 114, 70, 92, 132, 290, 324);
INSERT INTO `sale_list` VALUES (3503, 13, 6, 137, 138, 270, 454);
INSERT INTO `sale_list` VALUES (1423, 101, 174, 106, 195, 250, 313);
INSERT INTO `sale_list` VALUES (4196, 63, 53, 247, 158, 193, 226);
INSERT INTO `sale_list` VALUES (6056, 360, 347, 208, 0, 0, 0);
INSERT INTO `sale_list` VALUES (6003, 74, 320, 306, 157, 36, 0);
INSERT INTO `sale_list` VALUES (4162, 54, 66, 196, 91, 202, 240);
INSERT INTO `sale_list` VALUES (572, 84, 133, 171, 111, 176, 136);
INSERT INTO `sale_list` VALUES (5188, 44, 70, 424, 48, 52, 160);
INSERT INTO `sale_list` VALUES (5210, 772, 1117, 736, 461, 2, 319);
INSERT INTO `sale_list` VALUES (3398, 20, 1, 395, 354, 740, 963);
INSERT INTO `sale_list` VALUES (1124, 166, 147, 267, 135, 24, 28);
INSERT INTO `sale_list` VALUES (3983, 1, 7, 156, 160, 152, 290);
INSERT INTO `sale_list` VALUES (3463, 51, 696, 509, 696, 618, 704);
INSERT INTO `sale_list` VALUES (4385, 197, 216, 333, 576, 26, 968);
INSERT INTO `sale_list` VALUES (3453, 411, 2, 23, 31, 65, 203);
INSERT INTO `sale_list` VALUES (3932, 181, 189, 78, 4, 65, 213);
INSERT INTO `sale_list` VALUES (1151, 468, 244, 614, 837, 1621, 2339);
INSERT INTO `sale_list` VALUES (3083, 689, 0, 0, 0, 0, 0);
INSERT INTO `sale_list` VALUES (4329, 68, 78, 103, 159, 123, 161);
INSERT INTO `sale_list` VALUES (4924, 38, 67, 266, 80, 35, 151);
INSERT INTO `sale_list` VALUES (5314, 97, 91, 75, 95, 120, 153);
INSERT INTO `sale_list` VALUES (1729, 88, 30, 8, 113, 277, 619);
INSERT INTO `sale_list` VALUES (5149, 83, 90, 112, 67, 115, 138);
INSERT INTO `sale_list` VALUES (2248, 462, 14, 19, 24, 46, 64);
INSERT INTO `sale_list` VALUES (4859, 336, 201, 412, 617, 216, 1145);
INSERT INTO `sale_list` VALUES (484, 25, 140, 79, 150, 121, 222);
INSERT INTO `sale_list` VALUES (4640, 105, 86, 79, 78, 61, 74);
INSERT INTO `sale_list` VALUES (1198, 53, 70, 151, 49, 66, 93);
INSERT INTO `sale_list` VALUES (3474, 91, 195, 44, 16, 33, 111);
INSERT INTO `sale_list` VALUES (844, 6, 70, 224, 105, 31, 11);
INSERT INTO `sale_list` VALUES (3719, 62, 26, 5, 6, 104, 235);
INSERT INTO `sale_list` VALUES (4718, 2, 59, 88, 109, 178, 269);
INSERT INTO `sale_list` VALUES (5225, 84, 53, 30, 77, 85, 86);
INSERT INTO `sale_list` VALUES (1376, 56, 51, 65, 26, 126, 71);
INSERT INTO `sale_list` VALUES (1915, 10, 6, 221, 151, 685, 459);
INSERT INTO `sale_list` VALUES (3002, 123, 108, 25, 24, 31, 69);
INSERT INTO `sale_list` VALUES (4501, 50, 18, 100, 77, 49, 82);
INSERT INTO `sale_list` VALUES (53, 66, 94, 203, 3, 108, 401);
INSERT INTO `sale_list` VALUES (4813, 49, 69, 55, 50, 49, 93);
INSERT INTO `sale_list` VALUES (34, 34, 23, 29, 27, 32, 207);
INSERT INTO `sale_list` VALUES (2818, 24, 22, 50, 78, 54, 92);
INSERT INTO `sale_list` VALUES (5049, 142, 46, 57, 75, 16, 17);
INSERT INTO `sale_list` VALUES (2932, 35, 43, 79, 35, 58, 68);
INSERT INTO `sale_list` VALUES (165, 34, 34, 233, 26, 44, 98);
INSERT INTO `sale_list` VALUES (3337, 12, 10, 34, 48, 64, 133);
INSERT INTO `sale_list` VALUES (5294, 46, 60, 47, 37, 66, 45);
INSERT INTO `sale_list` VALUES (2987, 27, 9, 52, 58, 78, 71);
INSERT INTO `sale_list` VALUES (3153, 9, 5, 51, 18, 55, 133);
INSERT INTO `sale_list` VALUES (1008, 49, 217, 0, 0, 0, 0);
INSERT INTO `sale_list` VALUES (4068, 112, 34, 20, 4, 63, 2);
INSERT INTO `sale_list` VALUES (3339, 16, 17, 47, 85, 33, 33);
INSERT INTO `sale_list` VALUES (4543, 21, 15, 62, 31, 40, 56);
INSERT INTO `sale_list` VALUES (3720, 173, 0, 0, 0, 0, 0);
INSERT INTO `sale_list` VALUES (3096, 17, 10, 47, 22, 43, 63);
INSERT INTO `sale_list` VALUES (4507, 23, 64, 48, 35, 29, 60);
INSERT INTO `sale_list` VALUES (485, 51, 58, 20, 33, 36, 3);
INSERT INTO `sale_list` VALUES (4378, 21, 6, 52, 31, 35, 48);
INSERT INTO `sale_list` VALUES (2941, 37, 52, 50, 47, 39, 45);
INSERT INTO `sale_list` VALUES (5121, 2, 5, 15, 35, 34, 69);
INSERT INTO `sale_list` VALUES (1048, 10, 6, 21, 26, 50, 42);
INSERT INTO `sale_list` VALUES (2813, 12, 16, 72, 10, 26, 13);
INSERT INTO `sale_list` VALUES (4384, 2, 2, 9, 110, 6, 9);
INSERT INTO `sale_list` VALUES (5148, 21, 29, 55, 27, 105, 105);
INSERT INTO `sale_list` VALUES (4868, 13, 15, 12, 36, 25, 26);
INSERT INTO `sale_list` VALUES (4808, 64, 56, 0, 0, 0, 0);
INSERT INTO `sale_list` VALUES (3353, 7, 19, 9, 16, 65, 7);
INSERT INTO `sale_list` VALUES (5418, 16, 34, 16, 8, 20, 2);
INSERT INTO `sale_list` VALUES (1647, 52, 52, 10, 5, 2, 1);
INSERT INTO `sale_list` VALUES (3338, 28, 21, 15, 7, 8, 4);
INSERT INTO `sale_list` VALUES (5069, 2, 9, 5, 11, 22, 31);
INSERT INTO `sale_list` VALUES (4866, 8, 11, 25, 27, 116, 344);
INSERT INTO `sale_list` VALUES (864, 27, 25, 2, 6, 0, 0);
INSERT INTO `sale_list` VALUES (4209, 58, 444, 392, 582, 414, 424);
INSERT INTO `sale_list` VALUES (4549, 7, 16, 22, 9, 26, 29);
INSERT INTO `sale_list` VALUES (1805, 17, 7, 11, 8, 8, 1);
INSERT INTO `sale_list` VALUES (4736, 28, 21, 0, 0, 0, 0);
INSERT INTO `sale_list` VALUES (3723, 2, 4, 15, 16, 8, 3);
INSERT INTO `sale_list` VALUES (4000, 5, 9, 3, 18, 10, 8);
INSERT INTO `sale_list` VALUES (4896, 12, 26, 5, 52, 106, 151);
INSERT INTO `sale_list` VALUES (3341, 5, 2, 28, 1, 8, 287);
INSERT INTO `sale_list` VALUES (4981, 31, 636, 2393, 3000, 1616, 4975);
INSERT INTO `sale_list` VALUES (4464, 2, 7, 12, 0, 0, 0);
INSERT INTO `sale_list` VALUES (1321, 1, 1, 9, 8, 5, 10);
INSERT INTO `sale_list` VALUES (4117, 1, 1, 8, 1, 2, 6);
INSERT INTO `sale_list` VALUES (2805, 1, 2, 3, 5, 35, 3);
INSERT INTO `sale_list` VALUES (2991, 3, 3, 660, 2, 0, 0);
INSERT INTO `sale_list` VALUES (4156, 6, 142, 77, 68, 131, 270);
INSERT INTO `sale_list` VALUES (4290, 1, 1, 3, 1, 2, 5);
INSERT INTO `sale_list` VALUES (3383, 2, 2, 0, 0, 0, 0);
INSERT INTO `sale_list` VALUES (5567, 2, 2, 0, 0, 0, 0);
INSERT INTO `sale_list` VALUES (4278, 1, 1, 1, 1, 2, 1);
INSERT INTO `sale_list` VALUES (353, 3317, 9414, 6912, 13113, 14952, 10867);
INSERT INTO `sale_list` VALUES (5223, 6621, 6070, 6351, 6802, 6796, 6652);
INSERT INTO `sale_list` VALUES (1794, 4531, 8839, 6588, 4338, 5030, 5018);
INSERT INTO `sale_list` VALUES (5827, 3921, 4632, 6355, 3732, 4811, 5027);
INSERT INTO `sale_list` VALUES (5843, 6216, 6002, 3451, 350, 0, 0);
INSERT INTO `sale_list` VALUES (2832, 3745, 2507, 4072, 1901, 3045, 4025);
INSERT INTO `sale_list` VALUES (282, 2750, 1547, 4215, 2048, 3066, 2869);
INSERT INTO `sale_list` VALUES (291, 2033, 1759, 3144, 2250, 3045, 3419);
INSERT INTO `sale_list` VALUES (4861, 1369, 328, 4933, 3012, 1560, 3187);
INSERT INTO `sale_list` VALUES (445, 2779, 1134, 2809, 2040, 1925, 2630);
INSERT INTO `sale_list` VALUES (4688, 553, 1644, 2637, 3646, 2047, 2940);
INSERT INTO `sale_list` VALUES (4160, 805, 423, 2114, 1471, 1689, 2697);
INSERT INTO `sale_list` VALUES (245, 1149, 915, 1058, 1172, 1523, 1895);
INSERT INTO `sale_list` VALUES (244, 1408, 530, 1259, 1145, 1158, 1691);
INSERT INTO `sale_list` VALUES (2887, 1007, 493, 1029, 1596, 1498, 1380);
INSERT INTO `sale_list` VALUES (4569, 808, 957, 1766, 901, 1180, 1365);
INSERT INTO `sale_list` VALUES (2984, 387, 1196, 1177, 1088, 1895, 1480);
INSERT INTO `sale_list` VALUES (768, 1658, 1490, 520, 746, 974, 1152);
INSERT INTO `sale_list` VALUES (5858, 4384, 1850, 60, 0, 0, 0);
INSERT INTO `sale_list` VALUES (5416, 637, 683, 1225, 1030, 1328, 1354);
INSERT INTO `sale_list` VALUES (5034, 518, 575, 1047, 821, 1116, 1604);
INSERT INTO `sale_list` VALUES (5059, 465, 1202, 900, 970, 360, 1017);
INSERT INTO `sale_list` VALUES (1620, 62, 100, 403, 1641, 2115, 1166);
INSERT INTO `sale_list` VALUES (5905, 927, 888, 809, 1034, 1132, 23);
INSERT INTO `sale_list` VALUES (4901, 853, 412, 1149, 689, 905, 773);
INSERT INTO `sale_list` VALUES (5935, 1614, 1590, 1542, 2, 0, 0);
INSERT INTO `sale_list` VALUES (5386, 306, 1039, 509, 904, 1207, 0);
INSERT INTO `sale_list` VALUES (4201, 819, 475, 515, 824, 310, 95);
INSERT INTO `sale_list` VALUES (1211, 436, 277, 963, 605, 391, 102);
INSERT INTO `sale_list` VALUES (4535, 432, 143, 438, 482, 482, 653);
INSERT INTO `sale_list` VALUES (2968, 223, 1116, 512, 364, 81, 64);
INSERT INTO `sale_list` VALUES (1793, 140, 37, 186, 237, 233, 1202);
INSERT INTO `sale_list` VALUES (437, 379, 314, 341, 227, 285, 343);
INSERT INTO `sale_list` VALUES (2167, 194, 172, 301, 304, 515, 382);
INSERT INTO `sale_list` VALUES (5438, 52, 228, 272, 277, 616, 396);
INSERT INTO `sale_list` VALUES (5063, 258, 97, 386, 213, 307, 305);
INSERT INTO `sale_list` VALUES (5818, 149, 177, 281, 311, 387, 192);
INSERT INTO `sale_list` VALUES (1472, 315, 255, 258, 131, 139, 206);
INSERT INTO `sale_list` VALUES (5878, 616, 616, 0, 0, 0, 0);
INSERT INTO `sale_list` VALUES (4542, 170, 248, 357, 168, 110, 104);
INSERT INTO `sale_list` VALUES (1126, 53, 44, 262, 182, 207, 221);
INSERT INTO `sale_list` VALUES (2986, 1, 204, 213, 266, 209, 91);
INSERT INTO `sale_list` VALUES (4638, 367, 211, 190, 168, 0, 0);
INSERT INTO `sale_list` VALUES (407, 67, 32, 161, 150, 176, 178);
INSERT INTO `sale_list` VALUES (573, 54, 47, 156, 108, 65, 164);
INSERT INTO `sale_list` VALUES (5842, 310, 222, 0, 0, 0, 0);
INSERT INTO `sale_list` VALUES (1705, 100, 92, 100, 95, 165, 236);
INSERT INTO `sale_list` VALUES (5474, 28, 10, 16, 83, 46, 91);
INSERT INTO `sale_list` VALUES (3121, 3, 9, 18, 31, 3, 196);
INSERT INTO `sale_list` VALUES (5934, 37, 69, 0, 0, 0, 0);
INSERT INTO `sale_list` VALUES (4465, 10, 9, 10, 8, 34, 48);

-- ----------------------------
-- Table structure for user
-- ----------------------------
DROP TABLE IF EXISTS `user`;
CREATE TABLE `user`  (
  `userID` int(0) NOT NULL AUTO_INCREMENT,
  `accountID` int(0) NULL DEFAULT NULL,
  `preferCarType` varchar(256) CHARACTER SET utf8mb3 COLLATE utf8mb3_general_ci NULL DEFAULT NULL,
  PRIMARY KEY (`userID`) USING BTREE,
  INDEX `外键`(`accountID`) USING BTREE,
  CONSTRAINT `外键` FOREIGN KEY (`accountID`) REFERENCES `account` (`accountID`) ON DELETE RESTRICT ON UPDATE RESTRICT
) ENGINE = InnoDB AUTO_INCREMENT = 4 CHARACTER SET = utf8mb3 COLLATE = utf8mb3_general_ci ROW_FORMAT = Dynamic;

-- ----------------------------
-- Records of user
-- ----------------------------
INSERT INTO `user` VALUES (3, 9, '无');

SET FOREIGN_KEY_CHECKS = 1;
